created,chargeTimeHrs,stationId,kwhTotal
41964,4.671666667,129465,6.76
42041,1.611944444,129465,0.75
41967,2.245833333,129465,6.69
41968,4.738333333,129465,6.96
41974,3.580277778,129465,6.86
42009,3.791944444,129465,8.18
42060,1.301388889,129465,1.88
42143,2.605,129465,6.19
42159,3.486111111,129465,5.79
42163,3.199166667,129465,5.54
42181,2.668333333,129465,6.12
42191,3.306944444,129465,5.6
42193,3.863888889,129465,6.89
42195,2.778055556,129465,6.4
42205,2.922222222,129465,5.89
42214,3.033611111,129465,5.98
42220,3.745555556,129465,5.64
42230,2.830555556,129465,6.73
42244,3.954166667,129465,6.08
42262,3.652777778,129465,6.3
42278,3.245555556,129465,5.56
42279,3.710833333,129465,6.26
42135,4.541111111,129465,1.42
42137,2.070277778,129465,6.26
42138,4.8825,129465,2.29
42158,2.770555556,129465,6.05
42160,3.587222222,129465,6.93
42192,3.000833333,129465,7.43
42194,3.875833333,129465,7.51
42199,5.808055556,129465,7.19
42200,6.810277778,129465,7.13
42271,3.837222222,129465,6.84
42279,0.023333333,129465,0
42279,2.719166667,129465,7.04
42080,2.944166667,129465,6.84
42132,0.832777778,131897,2.5
42060,2.809722222,131897,6.32
42102,2.096666667,131897,4.69
42103,3.336944444,131897,4.21
42131,1.180277778,131897,3.54
42137,3.016666667,131897,3.41
42142,2.828611111,131897,4.54
42150,3.088888889,131897,5.26
42163,2.307222222,131897,2.81
42198,2.624444444,131897,3.81
42208,3.115,131897,6.44
42222,1.513611111,131897,3.05
42228,2.0175,131897,3.08
42230,3.576388889,131897,4.35
42263,2.330833333,131897,2.93
42130,4.888611111,131897,5.96
42081,2.356944444,131897,6.85
42090,3.149722222,131897,6.88
42179,3.433333333,131897,6.93
42181,3.177777778,131897,4.47
42249,2.994722222,131897,6.83
42261,1.985277778,131897,5.38
42277,3.384444444,131897,3.78
41991,0.179166667,134427,0.81
42222,3.980555556,134427,3.93
42201,3.154166667,134427,4.3
42229,3.557777778,134427,6.73
42212,3.903611111,191826,7.1
42216,0.637777778,191826,1.89
42216,0.480277778,191826,1.42
42235,3.443055556,191826,7.08
42227,2.617777778,191826,6.76
42278,2.004444444,191826,0
42278,0.013333333,191826,0
42249,2.233611111,191826,6.46
42255,1.975555556,191826,6.04
42272,3.679444444,191826,6.54
42275,0.021111111,191826,0
42275,0.026666667,191826,0
42278,0.024444444,191826,0
42109,0.481388889,200695,1.4
42076,1.621111111,200695,5.12
42212,2.328611111,200695,6.85
42233,2.640555556,200695,4.75
42240,1.731388889,200695,3.61
42121,2.836666667,200695,5.7
42223,1.547222222,200695,4.64
42257,2.238333333,200695,6.81
42279,0.026388889,200695,0
42279,0.026388889,200695,0
42279,0.019722222,200695,0
42274,2.694444444,200695,5.91
42278,3.356388889,200695,5.03
41991,0.387777778,207262,1.98
42051,3.114722222,207262,6.29
42081,3.315555556,207262,19.01
42116,0.998055556,207262,1.93
42174,2.127777778,207262,6.21
42235,3.680555556,207262,1.38
42237,1.890555556,207262,5.88
42257,4.144166667,207262,4.27
42243,7.213333333,207262,14.15
42047,3.537222222,207262,8.56
42068,3.781388889,207262,6.71
42082,2.199166667,207262,6.66
42093,0.039166667,207262,0.03
42102,3.961666667,207262,3.63
42110,4.443888889,207262,6.66
42115,3.928333333,207262,6.55
42136,3.238055556,207262,6.94
42138,4.085277778,207262,6.62
42171,3.072222222,207262,5.37
42173,2.103333333,207262,3.85
42201,4.423055556,207262,4.5
42226,3.820277778,207262,7.1
42275,2.311111111,207262,6.46
42069,1.499166667,207262,4.08
42159,2.041388889,207262,4.44
42160,4.134722222,207262,3.27
42163,1.259722222,207262,2.2
42165,2.746111111,207262,3.76
42172,0.444722222,207262,1.29
42173,0.795833333,207262,1.9
42177,0.874444444,207262,1.94
42180,1.898611111,207262,3.55
42181,1.3225,207262,2.54
42191,1.505833333,207262,1.92
42192,0.88,207262,1.4
42192,0.926944444,207262,1.4
42193,1.841666667,207262,4.87
42199,3.6575,207262,6.95
42200,0.095,207262,0.19
42200,2.47,207262,6.56
42201,2.954444444,207262,3.92
42205,2.399722222,207262,6.27
42206,3.324722222,207262,6.88
42207,3.36,207262,5.5
42208,3.321666667,207262,5.04
42208,0.723055556,207262,1.37
42209,2.9575,207262,3.6
42213,3.117777778,207262,4.07
42214,3.695833333,207262,6.91
42216,3.383333333,207262,5.46
42219,2.174166667,207262,3.17
42220,2.265555556,207262,6.83
42220,1.552777778,207262,1.84
42221,3.541388889,207262,4.47
42221,0.388611111,207262,1.11
42222,0.943333333,207262,1.75
42223,4.183888889,207262,3.26
42226,2.683611111,207262,6.8
42228,2.406944444,207262,4.38
42228,1.569166667,207262,1.68
42230,2.8125,207262,6.69
42233,2.588055556,207262,6.76
42233,2.165833333,207262,2.9
42234,2.495833333,207262,3.27
42235,3.790555556,207262,4.92
42241,2.086944444,207262,6.42
42241,0.765833333,207262,1.94
42242,0.299166667,207262,0.84
42255,1.280555556,207262,1.66
42257,1.337777778,207262,3.33
42258,1.634166667,207262,3.35
42258,1.391111111,207262,3.89
42261,2.340833333,207262,1.46
42262,3.897777778,207262,4.12
42264,2.654722222,207262,4.24
42270,3.260277778,207262,1.41
42272,1.184444444,207262,2.24
42277,2.007222222,207262,4.54
42278,2.963611111,207262,4.02
42279,2.189166667,207262,4.33
42166,2.653055556,219054,6.89
42167,4.036944444,219054,6.78
42170,2.7225,219054,4.33
42171,1.957222222,219054,4.35
42173,2.715555556,219054,4.09
42177,2.842777778,219054,4.15
42178,1.788611111,219054,4.37
42179,2.093611111,219054,4.06
42180,3.337222222,219054,3.73
42181,2.185833333,219054,4.32
42184,1.790555556,219054,4.65
42185,1.703888889,219054,4.05
42186,3.006944444,219054,4.09
42187,1.712777778,219054,3.91
42191,1.6625,219054,4.38
42192,1.586944444,219054,4.17
42193,3.215,219054,6.61
42194,1.012222222,219054,3.16
42195,3.061111111,219054,4.18
42198,2.815555556,219054,6.43
42199,2.1725,219054,5.76
42200,3.178055556,219054,3.86
42201,2.443611111,219054,5.65
42202,2.297777778,219054,4.43
42205,2.271944444,219054,5.94
42207,2.7,219054,5.63
42208,2.957777778,219054,5.78
42212,3.179166667,219054,4.26
42213,3.388888889,219054,5.95
42214,3.687777778,219054,6.13
42216,2.046944444,219054,4.32
42219,3.085833333,219054,5.82
42220,3.505833333,219054,4.2
42221,2.795,219054,5.57
42222,3.166111111,219054,5.92
42223,1.830833333,219054,4.27
42226,2.398333333,219054,5.65
42227,2.683611111,219054,5.89
42228,3.323888889,219054,5.92
42229,1.638055556,219054,4.17
42230,2.051388889,219054,5.58
42233,2.457777778,219054,5.91
42234,2.754444444,219054,6.17
42235,3.290833333,219054,5.63
42236,3.043333333,219054,6.7
42237,1.724444444,219054,4.5
42240,1.959722222,219054,5.61
42241,1.929444444,219054,5.99
42243,2.7475,219054,6.58
42255,2.526111111,219054,6.67
42256,2.491944444,219054,6.7
42257,2.615277778,219054,6.69
42258,2.903333333,219054,6.91
42261,3.294722222,219054,6.9
42262,2.616944444,219054,6.66
42263,2.467222222,219054,6.7
42265,2.5475,219054,6.65
42268,1.951388889,219054,6.19
42272,2.843333333,219054,6.53
42275,2.129722222,219054,6.46
42276,2.647777778,219054,6.54
42278,1.121388889,219054,3.48
42279,3.403333333,219054,6.5
42208,9.006111111,219054,6.62
42088,0.043888889,228137,0.01
42080,5.386666667,228137,6.49
42087,0.021944444,228137,0
42095,2.312777778,228137,6.83
42125,2.1525,228137,6.08
42128,1.948611111,228137,5.68
42129,2.455833333,228137,5.85
42130,2.204722222,228137,6.22
42131,2.283055556,228137,5.76
42132,2.123055556,228137,5.72
42142,1.944444444,228137,5.58
42143,1.962777778,228137,5.62
42144,2.350277778,228137,6.76
42145,2.076388889,228137,5.97
42150,1.9125,228137,5.56
42151,1.981666667,228137,5.79
42152,1.945555556,228137,5.65
42153,2.018333333,228137,5.66
42156,2.461388889,228137,6.89
42170,2.577777778,228137,5.54
42172,2.147777778,228137,5.81
42174,1.948888889,228137,5.52
42177,1.825,228137,5.33
42179,2.325277778,228137,5.52
42180,2.031944444,228137,5.7
42193,2.103333333,228137,5.89
42194,2.690277778,228137,6.99
42195,2.3475,228137,5.57
42198,2.046666667,228137,5.74
42200,1.920833333,228137,5.44
42202,2.229444444,228137,6.29
42205,2.003888889,228137,5.78
42206,1.9,228137,5.35
42207,2.318611111,228137,5.54
42208,1.999166667,228137,5.7
42221,1.888611111,228137,5.49
42235,1.258333333,228137,1.21
42247,1.908888889,228137,5.5
42248,2.684444444,228137,5.42
42271,1.983055556,228137,5.58
42272,1.992222222,228137,5.76
42275,2.303055556,228137,6.63
42276,2.113055556,228137,5.83
42278,2.080277778,228137,5.83
42278,3.631111111,228137,3.02
42279,2.070833333,228137,5.93
42128,2.638888889,228137,7.6
42129,3.004166667,228137,7.24
42132,3.287777778,228137,7.73
42139,2.554166667,228137,0.13
42156,2.908333333,228137,4.68
42157,3.992222222,228137,7.74
42158,3.8975,228137,7.18
42159,5.249444444,228137,7.73
42160,3.706944444,228137,7.22
42163,1.146388889,228137,3.42
42163,2.795,228137,3.96
42164,3.865277778,228137,6.86
42165,10.48833333,228137,7.23
42167,3.4875,228137,6.73
42170,4.065,228137,6.72
42171,1.031666667,228137,3.11
42178,3.438055556,228137,7.25
42181,6.640555556,228137,7.39
42192,2.856944444,228137,7.02
42200,4.357222222,228137,6.68
42205,2.380833333,228137,6.99
42209,4.780555556,228137,7.11
42213,3.870277778,228137,7.02
42214,3.866666667,228137,7.16
42215,3.804722222,228137,7.07
42228,3.945,228137,7.02
42230,4.146944444,228137,7.12
42242,11.58694444,228137,7.05
42250,2.824722222,228137,6.95
42255,3.896944444,228137,7.2
42257,3.581388889,228137,7.11
42258,2.966388889,228137,7.01
42262,3.173888889,228137,7.16
42263,3.283888889,228137,7.14
42264,6.123888889,228137,6.96
42265,3.5975,228137,7.03
42268,3.116944444,228137,7.11
42269,3.145277778,228137,6.96
42270,3.861944444,228137,3
42270,3.128333333,228137,4.15
42276,2.037777778,228137,6.3
42277,9.241111111,228137,7.01
42233,0.121388889,228137,0.24
42222,1.8775,228137,5.21
42227,1.875,228137,5.14
42234,1.835555556,228137,4.95
42236,1.973611111,228137,5.33
42240,2.791666667,228137,5.3
42243,1.935277778,228137,5.4
42244,2.443611111,228137,5.29
42249,1.704166667,228137,4.83
42228,3.9125,228137,1.65
42261,3.832222222,228137,2.31
42268,3.131111111,228137,14.08
42269,3.306666667,228137,13.36
42275,3.465833333,228137,11.87
42276,3.281388889,228137,13.08
42277,2.056111111,228137,9.84
42208,2.178888889,236379,4.14
42236,2.751388889,236379,6.13
42206,2.345833333,236379,6.19
42131,2.426944444,236379,7.58
42142,3.9375,236379,7.61
42198,4.650277778,236379,3.87
42206,2.615277778,236379,3.4
42212,3.595555556,236379,3.66
42229,1.972777778,236379,3.08
42233,1.443888889,236379,3.47
42240,3.536944444,236379,4.3
42255,2.541944444,236379,3.35
42264,3.9675,236379,5.54
42241,2.571666667,236379,6.21
42074,3.776111111,236379,2.94
42095,1.475277778,236379,4.27
42268,1.896944444,236379,2.2
42160,2.552222222,236379,7.02
42164,3.381666667,236379,4.15
42170,0.8975,236379,2.67
42171,3.026944444,236379,6.93
42177,2.753333333,236379,6.92
42261,1.424166667,236379,3.8
42047,2.436944444,236840,2.48
42275,6.718611111,236840,0
42276,4.803333333,236840,6.9
42263,2.217222222,236840,6.37
42031,2.519444444,237105,6.49
42033,2.166666667,237105,6.51
42047,8.268888889,237105,8.7
42051,0.169722222,237105,7.8
42072,4.171666667,237105,6.56
42076,2.604444444,237105,7.08
42111,3.963333333,237105,6.48
42135,3.037777778,237105,6.63
42151,3.221111111,237105,7.39
42205,1.746111111,237105,5.36
42209,2.591111111,237105,6.77
42243,4.351388889,237105,7.12
42170,3.983611111,237105,6.65
42171,2.356666667,237105,6.82
42174,4.365,237105,6.58
42179,4.461388889,237105,6.58
42193,4.611111111,237105,6.7
42195,4.113888889,237105,6.74
42198,3.665833333,237105,6.61
42200,3.8075,237105,6.63
42201,4.614166667,237105,6.67
42202,4.030833333,237105,6.66
42206,3.943055556,237105,6.63
42208,3.925277778,237105,6.75
42209,4.155,237105,6.72
42212,4.120555556,237105,6.63
42213,4.081666667,237105,6.69
42215,4.007777778,237105,6.56
42220,3.923611111,237105,6.69
42222,3.945,237105,6.81
42228,3.685833333,237105,6.57
42229,4.621944444,237105,6.69
42233,4.103611111,237105,6.62
42237,3.951666667,237105,6.54
42240,4.033333333,237105,6.69
42242,4.023333333,237105,6.73
42248,4.683888889,237105,6.83
42249,3.859166667,237105,6.58
42250,3.775833333,237105,6.76
42264,4.419444444,237105,6.7
42265,3.9575,237105,6.69
42268,0.915277778,237105,2.88
42277,8.7825,237105,6.64
42278,3.865833333,237105,6.6
42025,2.294166667,250527,5.38
42051,1.505555556,250527,4.65
42072,3.028055556,250527,9.61
42090,1.074722222,250527,4.71
42094,1.03,250527,4.1
42095,0.021111111,250527,0.03
42096,2.934722222,250527,16.2
42109,3.696111111,250527,7.71
42128,3.3375,250527,5.07
42150,3.776388889,250527,16.41
42151,4.437777778,250527,11.4
42153,1.646388889,250527,5.21
42165,3.185277778,250527,4.96
42166,2.426111111,250527,3.87
42219,3.498055556,250527,7.47
42222,3.440555556,250527,7.01
42256,3.081111111,250527,4.16
42104,3.949444444,250527,7.97
42116,2.970833333,250527,17.19
42116,3.054166667,250527,3.02
42118,3.08,250527,17.98
42122,1.214166667,250527,6.99
42124,2.598888889,250527,14.26
42128,3.685833333,250527,11.04
42129,2.4575,250527,13.92
42130,2.638333333,250527,14.23
42131,2.391944444,250527,11.21
42131,2.842777778,250527,0.92
42132,3.431388889,250527,15.04
42132,1.919166667,250527,1.33
42138,3.513333333,250527,12.38
42142,2.293055556,250527,1.41
42156,3.098055556,250527,15.84
42177,3.333611111,250527,2.4
42178,2.931944444,250527,10.38
42179,4.673888889,250527,14.12
42194,3.421111111,250527,11.98
42195,3.317222222,250527,15.88
42206,2.428888889,250527,12.31
42208,3.365833333,250527,8.1
42208,0.279722222,250527,1.37
42209,3.5675,250527,14.96
42209,3.140555556,250527,2.06
42229,4.368611111,250527,12.85
42230,2.856666667,250527,16.69
42230,3.006111111,250527,3.53
42233,2.245555556,250527,9.36
42234,4.392777778,250527,14.88
42244,5.5075,250527,14.91
42247,2.973888889,250527,10.41
42247,3.431388889,250527,2.16
42251,0.138888889,250527,0.62
42257,3.72,250527,7.85
42265,4.432222222,250527,15.89
42269,2.231944444,250527,12.9
42271,4.323888889,250527,3.54
42272,3.35,250527,1.27
42275,3.008611111,250527,16.31
42275,3.786111111,250527,3.5
42279,1.880555556,250527,2.94
42075,4.34,250527,5.09
42076,3.733333333,250527,5
42079,2.401111111,250527,6.99
42080,1.919722222,250527,4.5
42093,0.020277778,250527,0
42100,1.201388889,250527,3.82
42110,2.48,250527,4.12
42115,4.382777778,250527,6.86
42117,2.399444444,250527,4.33
42123,3.639444444,250527,4.01
42170,1.348611111,250527,4.24
42171,2.070833333,250527,4.58
42172,2.962222222,250527,4.54
42174,1.938888889,250527,4.69
42201,3.247222222,250527,3.72
42202,3.521111111,250527,6.92
42207,2.795555556,250527,3.71
42215,4.021666667,250527,4.87
42235,2.289444444,250527,3.59
42243,4.101388889,250527,5.29
42051,1.603611111,250527,5.11
42052,3.941944444,250527,2.72
42135,1.810555556,250527,3.47
42098,2.497222222,250527,7.68
42224,2.301944444,250527,6.94
42252,1.762222222,250527,5.7
42252,1.900277778,250527,3.61
42258,0.8725,250527,0.53
42206,1.931666667,250527,5.52
42100,3.446111111,256233,6.84
42236,3.69,256233,6.63
42268,2.878888889,256233,6.72
42276,4.020833333,256233,5.4
42178,1.623333333,256233,4.13
42222,3.244722222,260408,6.93
42227,3.080833333,260408,7.03
42229,3.545,260408,6.93
42250,3.023333333,260408,3.52
42257,3.581388889,260408,7.08
42263,2.952777778,260408,7.12
42268,4.351111111,260408,7.12
42270,3.650555556,260408,6.98
42277,3.793888889,260408,7.05
42243,2.021944444,260408,3.1
42278,0.015,260408,0
42219,0.916944444,260408,1.04
42220,3.381388889,260408,6.41
42250,2.371944444,260408,6.06
42275,0.016111111,260408,0
42118,0.803888889,260781,1.4
42019,2.426944444,260781,4.93
42226,1.325,260781,4.16
42229,2.826666667,260781,6.66
42242,1.436944444,260781,3.81
42249,3.02,260781,4.32
42256,3.052222222,260781,7.07
42192,3.989444444,260781,3.82
42247,0.164722222,260781,5.94
42205,2.108888889,265601,14.02
41991,2.419444444,280221,4.56
42038,2.886111111,280221,11.74
42061,3.543611111,280221,17.95
42067,2.161111111,280221,4.56
42076,3.755833333,280221,12.96
42079,3.053888889,280221,9.17
42082,0.033333333,280221,0.04
42086,1.151666667,280221,4.62
42103,1.961388889,280221,5.47
42130,2.971111111,280221,5.49
42142,3.551666667,280221,8.82
42145,2.093055556,280221,11.81
42152,3.643055556,280221,14.09
42156,3.39,280221,6.93
42164,2.981388889,280221,6.79
42171,4.049444444,280221,3.72
42178,3.652777778,280221,4.59
42180,3.805277778,280221,3.84
42223,3.618611111,280221,6.4
42243,1.311666667,280221,3.97
42243,3.406666667,280221,4.77
42247,3.940555556,280221,6.56
42249,2.016388889,280221,4.17
42261,3.320833333,280221,6.58
42268,2,280221,4.21
42251,2.238055556,280221,3.94
42269,4.375277778,280221,8.09
42102,2.531944444,280221,6.39
42121,3.815833333,280221,5.01
42131,2.984166667,280221,3.84
42135,2.262222222,280221,3.73
42192,3.831666667,280221,3.63
42195,1.960833333,280221,2.59
42199,0.486111111,280221,4.33
42228,5.476944444,280221,5.37
42258,4.115277778,280221,6.75
42263,1.163611111,280221,3.58
42278,2.3625,280221,4.2
42278,1.923333333,280221,2.59
42139,1.815,280221,0.09
42143,2.596388889,280221,0.81
42160,2.442777778,280221,0.31
42163,0.3975,280221,1.1
42209,2.423055556,280221,0.48
42230,4.211666667,280221,0.44
42249,1.67,280221,0.81
42272,1.501666667,280221,4.44
42159,2.840277778,280221,6.23
42187,3.7775,280221,6.42
42235,2.991388889,280221,6.21
42223,2.780833333,280415,6.8
42234,3.141944444,280415,6.75
42235,2.845,280415,6.94
42236,2.625833333,280415,6.83
42237,4.956388889,280415,6.58
42244,1.530555556,280415,4.64
42247,2.406666667,280415,6.86
42248,6.192222222,280415,6.76
42268,2.961666667,280415,6.84
42269,2.8675,280415,6.73
42270,5.653055556,280415,6.83
42277,2.675277778,280415,6.65
42278,3.253333333,280415,6.68
42227,2.671388889,280415,6.24
42228,3.284722222,280415,6.62
42277,1.699722222,286084,5.36
42261,3.494722222,288445,5.2
42268,1.913055556,288445,4.65
42165,2.010833333,300866,6.67
42135,2.306111111,349635,6.6
42137,2.098333333,349635,5.97
42172,3.173055556,349635,2.86
42269,3.149722222,349635,6.88
42205,0.381944444,349635,0.43
42275,0.018611111,349635,0
42247,4.273055556,349635,6.68
42255,1.593333333,349635,4.89
42216,3.730277778,349635,7.13
42272,0.324166667,349635,0.98
42013,0.365,355208,0
42066,4.953055556,355208,7.84
42069,3.685555556,355208,10.52
42075,3.803333333,355208,7.24
42100,1.651111111,355208,7.73
42101,2.568611111,355208,7.04
42122,3.470555556,355208,5.36
42135,0.8025,355208,2.46
42205,1.468333333,355208,4.08
42215,2.771666667,355208,4.77
42228,0.401388889,355208,1.2
42229,2.571944444,355208,3.79
42244,2.088611111,355208,3.79
42255,3.461944444,355208,1.3
42158,3.748333333,355208,11.89
42101,2.7475,355208,6.58
42129,2.350277778,355208,3.74
42165,2.778055556,355208,4.27
42167,3.513055556,355208,6.54
42208,2.914444444,355208,4.1
42221,4.520555556,355208,4.85
42233,3.770833333,355208,5.16
42261,1.418611111,355208,4.43
42041,3.92,355208,7.02
42054,2.291388889,355208,6.55
42110,0.864722222,355208,0.86
42032,3.360277778,355208,6.77
42143,2.087777778,355208,6.31
42167,1.6275,355208,0.38
42216,2.425,355208,0.39
42244,3.833333333,355208,0.38
42164,0.757222222,355208,2.28
42170,4.3825,355208,4.96
42173,3.244722222,355208,3.43
42180,2.884444444,355208,6.42
42194,2.275277778,355208,6.69
42214,2.002777778,355208,6
42215,2.588055556,355208,6.02
42271,3.806666667,355208,6.78
42025,4.057222222,366832,2.76
42045,3.575555556,366832,7.9
42051,2.901388889,366832,7.97
42075,3.495833333,366832,6.66
42094,1.373333333,366832,4.34
42101,1.434722222,366832,4.64
42111,2.24,366832,5.47
42128,2.603611111,366832,4.6
42128,0.909722222,366832,2.69
42129,3.215555556,366832,6.18
42137,4.683055556,366832,6.65
42145,2.559722222,366832,7
42151,4.770277778,366832,6.34
42153,4.715833333,366832,7.7
42158,4.843888889,366832,6.19
42159,2.830555556,366832,2.71
42163,2.717777778,366832,7.13
42172,3.878611111,366832,5.02
42173,1.894444444,366832,4.06
42178,2.274166667,366832,5.03
42181,4.394444444,366832,0.86
42185,4.000277778,366832,6.66
42186,3.31,366832,6.63
42193,4.304722222,366832,5.54
42200,5.718055556,366832,6.73
42201,4.476111111,366832,6.62
42205,3.080277778,366832,8.41
42208,4.701111111,366832,5.88
42215,3.410277778,366832,5.5
42219,1.059722222,366832,1.39
42220,4.961111111,366832,8.23
42221,2.707777778,366832,4.67
42221,2.993055556,366832,2.16
42222,2.743888889,366832,5.02
42222,2.7125,366832,0.05
42226,4.828888889,366832,5.83
42227,4.941111111,366832,4.89
42229,2.920833333,366832,3.17
42234,3.046944444,366832,6.35
42241,5.501944444,366832,5.42
42243,3.604444444,366832,0.63
42247,3.078611111,366832,4.95
42251,5.408611111,366832,3.47
42275,2.813333333,366832,4.65
42234,2.872222222,366832,6.83
42172,0.506111111,366832,1.54
42220,3.070833333,366832,7.14
42222,3.253888889,366832,5.52
42223,3.563611111,366832,6.56
42229,1.776666667,366832,5.06
42230,2.672222222,366832,5.69
42234,3.521111111,366832,6.64
42236,2.509444444,366832,6.24
42240,2.928888889,366832,6.91
42249,3.279166667,366832,6.98
42250,1.855555556,366832,5.3
42103,2.728055556,369001,6.76
42104,2.680555556,369001,6.83
42107,2.867222222,369001,6.77
42108,2.863055556,369001,6.54
42109,2.180555556,369001,6.85
42110,2.927777778,369001,7.08
42111,2.958055556,369001,6.57
42114,3.407222222,369001,6.87
42116,3.650555556,369001,6.73
42117,3.285,369001,6.81
42118,3.314166667,369001,6.26
42122,3.704166667,369001,6.2
42123,4.896944444,369001,6.78
42124,3.515555556,369001,6.92
42125,2.901666667,369001,6.91
42128,2.910555556,369001,6.84
42129,1.681944444,369001,4.51
42130,4.260277778,369001,6.93
42131,3.617222222,369001,6.93
42132,4.618888889,369001,6.92
42135,3.319722222,369001,6.96
42136,3.069166667,369001,6.14
42137,3.272222222,369001,6.73
42138,3.139166667,369001,6.81
42142,3.493888889,369001,7.13
42143,4.517222222,369001,5.71
42144,3.234444444,369001,6.97
42145,3.895277778,369001,6.91
42146,3.236944444,369001,6.71
42150,3.220277778,369001,5.79
42151,3.965,369001,6.93
42152,3.01,369001,6.99
42153,2.895,369001,7.03
42156,3.689722222,369001,6.96
42157,3.354166667,369001,5.94
42158,3.279166667,369001,6.71
42159,3.099722222,369001,6.94
42160,2.601388889,369001,6.96
42163,2.737777778,369001,6.93
42164,3.648888889,369001,5.71
42165,2.873888889,369001,6.98
42166,3.420833333,369001,5.72
42171,3.838611111,369001,6.23
42172,3.48,369001,5.9
42173,3.309722222,369001,5.94
42174,3.531388889,369001,6.02
42178,3.286944444,369001,6.04
42179,3.454444444,369001,6.3
42181,3.896666667,369001,5.9
42191,3.061944444,369001,5.55
42192,3.445,369001,6.41
42193,3.0725,369001,6.63
42194,3.429722222,369001,6.56
42195,3.493333333,369001,6.3
42198,3.949166667,369001,5.81
42199,3.036944444,369001,5.74
42200,3.5025,369001,5.83
42201,4.174444444,369001,6.63
42202,2.351666667,369001,6.89
42205,3.669166667,369001,6.87
42207,2.265,369001,5.66
42208,2.755833333,369001,6.03
42212,2.459166667,369001,6.21
42213,3.181388889,369001,5.77
42216,2.3525,369001,6.24
42219,4.2075,369001,6.08
42220,2.503055556,369001,6.57
42221,3.225555556,369001,5.57
42222,2.775555556,369001,6.57
42223,3.193611111,369001,5.52
42226,3.411944444,369001,6.32
42227,2.620555556,369001,5.65
42228,4.318888889,369001,6.12
42229,3.826388889,369001,6.7
42230,3.128611111,369001,6.9
42233,3.520833333,369001,6.19
42234,2.580833333,369001,6.51
42237,2.627222222,369001,6.28
42240,2.714444444,369001,6.22
42241,3.173333333,369001,6.05
42242,2.823055556,369001,6.68
42244,6.293888889,369001,6.14
42247,3.2575,369001,6.97
42249,3,369001,6.93
42250,3.269722222,369001,6.89
42251,3.428055556,369001,6.28
42255,3.113611111,369001,6.98
42256,2.631111111,369001,7.02
42258,3.289722222,369001,7.03
42261,3.370833333,369001,6.83
42263,2.9725,369001,6.72
42264,2.588888889,369001,6.9
42265,3.293611111,369001,6.94
42268,2.821111111,369001,6.92
42269,3.196388889,369001,6.84
42270,3.213055556,369001,7.11
42271,3.121944444,369001,6.73
42275,3.106111111,369001,6.84
42276,2.744166667,369001,6.94
42277,3.116111111,369001,6.74
42278,0.023611111,369001,0
42278,2.773055556,369001,6.95
42279,2.519444444,369001,6.94
42090,2.1725,369001,6.69
42090,1.944722222,369001,1.39
42093,1.985,369001,6.5
42093,1.437777778,369001,1.11
42094,0.168055556,369001,0.47
42095,3.691944444,369001,6.82
42096,2.480833333,369001,6.76
42100,2.820833333,369001,6.75
42101,0.108055556,369001,0.24
42101,1.991944444,369001,6.36
42107,3.824444444,369001,6.92
42108,2.131388889,369001,6.74
42109,1.997222222,369001,6.54
42110,1.964444444,369001,6.34
42110,4.082222222,369001,4.26
42111,2.001666667,369001,6.54
42112,2.825277778,369001,6.82
42114,2.566944444,369001,6.8
42115,2.035277778,369001,6.58
42115,1.823333333,369001,1.62
42116,2.144444444,369001,6.82
42116,1.473611111,369001,1.66
42117,2.2875,369001,6.74
42118,2.095555556,369001,0.1
42118,2.121666667,369001,6.7
42119,2.500833333,369001,6.68
42122,2.036944444,369001,6.6
42123,2.160833333,369001,6.72
42124,2.675833333,369001,6.85
42125,5.466666667,369001,6.69
42125,1.802777778,369001,3.5
42128,2.255,369001,6.79
42128,1.320277778,369001,1.39
42129,3.275,369001,6.73
42130,2.103055556,369001,6.7
42131,2.083888889,369001,6.69
42132,2.050555556,369001,6.69
42133,1.574722222,369001,5.12
42133,2.592222222,369001,5.48
42135,2.718888889,369001,6.7
42136,2.460833333,369001,6.7
42137,8.831388889,369001,6.8
42138,2.051111111,369001,6.56
42139,2.032777778,369001,6.54
42139,0.622222222,369001,1.99
42140,2.404166667,369001,6.72
42141,2.044166667,369001,6.64
42141,1.0625,369001,2.26
42142,2.26,369001,6.92
42142,0.857777778,369001,1.16
42143,2.000555556,369001,6.45
42143,2.133888889,369001,4
42144,2.199166667,369001,6.71
42144,1.156111111,369001,0.91
42145,1.970277778,369001,6.35
42146,2.050277778,369001,6.58
42146,0.840555556,369001,2.32
42150,2.059722222,369001,6.66
42151,2.120277778,369001,6.67
42151,1.0575,369001,2.02
42152,1.978611111,369001,6.43
42154,1.986666667,369001,6.43
42154,2.054722222,369001,1.43
42156,2.527777778,369001,6.75
42157,2.212777778,369001,6.72
42158,3.040833333,369001,6.73
42159,2.214166667,369001,6.75
42160,2.159166667,369001,6.76
42161,3.845833333,369001,6.8
42163,2.713888889,369001,6.76
42163,0.386111111,369001,1.08
42164,2.810833333,369001,6.75
42164,1.121111111,369001,0.67
42171,2.114444444,369001,6.44
42172,4.331666667,369001,6.83
42172,0.450555556,369001,1.29
42173,2.066111111,369001,6.7
42173,0.359722222,369001,0.61
42174,2.677777778,369001,6.79
42175,2.929166667,369001,6.79
42175,3.333333333,369001,1.94
42177,5.423333333,369001,6.81
42177,2.707777778,369001,0.66
42179,1.992777778,369001,6.43
42179,1.068333333,369001,1.54
42180,1.99,369001,6.42
42181,1.941666667,369001,6.32
42181,1.109722222,369001,3.57
42184,1.953888889,369001,6.28
42185,2.03,369001,6.55
42186,2.449444444,369001,6.75
42186,0.705277778,369001,0.98
42187,2.028888889,369001,6.55
42187,1.068333333,369001,1.18
42191,2.269722222,369001,6.81
42192,1.981666667,369001,6.4
42193,3.365555556,369001,6.75
42194,2.467222222,369001,6.9
42195,2.400277778,369001,6.82
42195,1.204722222,369001,1.94
42198,2.112222222,369001,6.69
42199,2.021111111,369001,6.53
42200,2.442222222,369001,6.82
42201,2.9475,369001,6.84
42202,4.476666667,369001,6.81
42203,2.0975,369001,6.7
42206,2.128055556,369001,6.76
42206,2.164444444,369001,1.35
42207,2.653055556,369001,6.76
42208,2.338333333,369001,6.8
42209,2.304722222,369001,6.75
42210,1.093333333,369001,3.53
42210,2.055555556,369001,5.22
42212,2.490833333,369001,6.78
42213,2.695277778,369001,6.82
42214,2.139722222,369001,6.52
42215,2.579166667,369001,6.79
42216,2.681666667,369001,6.76
42219,2.091666667,369001,6.71
42220,2.293333333,369001,6.7
42221,3.055,369001,6.77
42222,2.400833333,369001,6.78
42223,2.869166667,369001,6.79
42226,3.031944444,369001,6.77
42227,2.595833333,369001,6.8
42228,4.054722222,369001,6.73
42229,2.1175,369001,6.71
42230,2.145,369001,6.78
42231,1.973333333,369001,6.42
42231,2.496388889,369001,2.31
42233,2.427777778,369001,6.78
42233,0.953611111,369001,1.54
42234,2.765277778,369001,6.81
42235,2.252222222,369001,6.88
42236,2.275,369001,6.84
42240,3.516111111,369001,6.83
42241,2.371944444,369001,6.89
42242,2.564166667,369001,6.72
42242,2.108333333,369001,0.89
42247,2.430555556,369001,6.8
42248,3.713333333,369001,6.82
42249,2.309722222,369001,6.84
42250,3.1525,369001,6.85
42251,2.528611111,369001,6.79
42251,0.881111111,369001,2.16
42255,2.354166667,369001,6.72
42255,2.533611111,369001,1.11
42256,2.923611111,369001,6.76
42256,0.598888889,369001,1.33
42257,2.091388889,369001,6.67
42258,2.775833333,369001,6.71
42259,3.576111111,369001,6.69
42261,2.443611111,369001,6.77
42261,0.956666667,369001,0.75
42262,2.344166667,369001,6.71
42263,2.764444444,369001,6.73
42266,1.707222222,369001,5.47
42266,3.037777778,369001,3.42
42266,1.826666667,369001,2.89
42268,2.734444444,369001,6.68
42268,0.433611111,369001,1.07
42269,2.617777778,369001,6.71
42270,3.528055556,369001,6.65
42271,2.151111111,369001,6.73
42272,2.288611111,369001,6.75
42273,2.521111111,369001,6.73
42273,0.701944444,369001,2.06
42275,2.1225,369001,6.72
42276,2.013611111,369001,6.43
42276,2.553611111,369001,1.43
42277,2.000833333,369001,6.43
42279,2.223611111,369001,6.62
42279,0.321111111,369001,0.94
42280,1.909166667,369001,6.2
42280,1.999166667,369001,1.12
42070,2.481666667,369001,7.41
42070,1.0025,369001,1.54
42072,1.400833333,369001,3.71
42072,1.204722222,369001,3.22
42073,1.38,369001,3.47
42073,1.160833333,369001,1.92
42074,1.708055556,369001,4.13
42074,1.098333333,369001,1.11
42075,1.565,369001,3.83
42075,1.161944444,369001,2.53
42076,1.537777778,369001,3.98
42079,1.741944444,369001,4.73
42080,3.343888889,369001,5.5
42089,2.116111111,369001,6.82
42091,2.611388889,369001,7.66
42095,1.461388889,369001,2.45
42100,3.729166667,369001,5.25
42102,3.219166667,369001,8.98
42103,3.697222222,369001,6.14
42104,2.533611111,369001,7.63
42107,2.504444444,369001,5.51
42109,3.604444444,369001,4.92
42121,4.071388889,369001,6.23
42155,3.913888889,369001,8.29
42165,1.727222222,369001,4.31
42166,2.592777778,369001,6.89
42168,2.511111111,369001,4.5
42169,2.712777778,369001,4.77
42170,2.048333333,369001,4.74
42171,2.073888889,369001,3.39
42198,2.241388889,369001,6
42199,1.711111111,369001,3.22
42206,1.717777778,369001,4.37
42208,1.138611111,369001,3.34
42209,1.840833333,369001,4.69
42214,2.408055556,369001,6.85
42215,1.380555556,369001,3.73
42219,2.014444444,369001,3.82
42220,1.14,369001,2.86
42223,1.290833333,369001,3.51
42270,1.171388889,369001,2.93
42277,0.947777778,369001,2.93
42280,2.995,369001,6.08
42281,3.151944444,369001,6.55
42082,2.404166667,369001,6.86
42083,0.025277778,369001,0
42216,3.224722222,369001,8.26
42262,3.304444444,369001,6.51
42217,2.423888889,369001,4.69
42236,1.498055556,369001,3.27
42237,0.866388889,369001,2.67
42238,3.671666667,369001,6.5
42264,2.1125,369001,6.34
42273,2.618055556,369001,4.04
42278,2.163611111,369001,6.7
42257,2.240833333,369001,5.66
41992,0.690833333,371335,2.05
42242,0.578333333,371335,1.73
42026,1.846666667,371335,4.01
41975,3.724444444,371335,7.1
41988,3.179722222,371335,4.66
41990,3.830277778,371335,8.31
42032,2.905833333,371335,7.8
42033,7.072777778,371335,5.06
42096,0.024722222,371335,0
42137,2.649166667,371335,6.31
42144,3.498333333,371335,6.54
42145,4.06,371335,6.33
42146,2.895277778,371335,6.61
42152,3.898611111,371335,6.67
42157,3.266944444,371335,6.01
42158,3.759722222,371335,6.35
42164,3.719166667,371335,5.85
42166,2.720277778,371335,5.72
42167,3.095277778,371335,6.21
42177,3.379722222,371335,6.83
42178,3.395555556,371335,5.59
42179,3.7775,371335,6.04
42192,2.9075,371335,6.18
42194,3.866111111,371335,6.51
42198,2.488333333,371335,5.9
42199,3.266666667,371335,6.98
42201,2.411666667,371335,6.2
42208,2.003333333,371335,5.34
42213,3.603888889,371335,5.37
42215,3.297222222,371335,6.23
42222,3.2625,371335,6.26
42227,3.681944444,371335,6.58
42228,3.180555556,371335,6.12
42234,2.745555556,371335,6.59
42235,3.246944444,371335,6.47
42240,2.904722222,371335,6.02
42243,2.901388889,371335,5.91
42248,3.209166667,371335,6.34
42249,1.852777778,371335,4.63
42251,1.318333333,371335,3.38
42263,3.400555556,371335,6.21
42277,3.203333333,371335,6.31
42130,2.634444444,371335,5.33
42132,4.388055556,371335,5.56
42142,4.094722222,371335,5.25
42145,3.660555556,371335,5.42
42151,3.275833333,371335,4.77
42153,4.417222222,371335,4.92
42178,3.010555556,371335,5.82
42202,4.753055556,371335,6.71
42222,3.776111111,371335,6.78
42234,3.816944444,371335,6.62
42272,2.121944444,371335,6.45
42275,3.083055556,371335,4.8
42277,4.325833333,371335,5.25
42086,2.278611111,371335,6.59
42088,2.334722222,371335,6.82
42090,3.811111111,371335,6.83
42095,0.0125,371335,0
42096,2.819722222,371335,1.81
42100,2.347777778,371335,6.93
42102,0.683055556,371335,2.03
42107,6.647222222,371335,5.84
42109,3.820555556,371335,5.66
42111,2.761944444,371335,5.16
42167,2.497777778,386940,6.85
42166,3.285833333,386940,7
42174,1.981666667,386940,4.36
42201,9.320277778,386940,6.56
42202,4.516111111,386940,6.88
42209,2.829166667,386940,7.49
42131,2.668611111,404112,2.38
42132,0.521111111,404112,1.52
42193,2.105555556,404112,6.41
42198,2.713888889,404112,4.94
42216,2.052222222,404112,2.64
42268,3.205555556,404112,6.37
42220,2.670833333,404112,6.84
42011,3.019444444,405157,5.3
42089,0.885277778,405157,3.83
42093,1.247222222,405157,5.58
42103,4.082222222,405157,6.67
42124,2.311944444,405157,11.36
42132,2.801666667,405157,5.49
42136,3.964444444,405157,14.18
42165,0.208888889,405157,0
42179,2.544444444,405157,7.39
42202,2.665833333,405157,6.5
42206,0.263611111,405157,0.76
42206,3.771666667,405157,4.6
42213,1.356388889,405157,4.17
42236,3.47,405157,4.3
42248,3.983611111,405157,5.07
42024,1.245555556,405157,1.27
42123,3.173055556,405157,18.03
42195,0.605,405157,2.27
42251,2.51,405157,11.98
42258,0.315555556,405157,1.65
42258,2.171111111,405157,12.46
42271,2.094722222,405157,12.06
42277,3.308333333,405157,12.65
42114,2.543611111,405157,4.99
42138,3.657222222,405157,4.36
42139,2.118055556,405157,6.63
42144,2.423888889,405157,4.87
42158,1.926944444,405157,6.01
42159,4.004722222,405157,6.68
42198,3.421666667,405157,6.52
42199,1.252777778,405157,3.92
42212,2.218888889,405157,4.39
42219,4.313055556,405157,5.06
42227,2.719722222,405157,6.12
42234,4.262222222,405157,5.7
42276,3.062777778,405157,4.4
42048,4.024166667,405157,6.76
42272,2.7125,405157,3.49
42158,2.716944444,405157,4.43
42234,3.617222222,405157,4.24
42270,3.663333333,405157,6.86
42277,3.948055556,405157,6.85
42278,3.652777778,405157,6.95
41984,0.298611111,414088,0.93
42093,1.511666667,414088,4.56
42118,2.613888889,414088,4.8
42159,1.933055556,414088,2.78
42160,3.773888889,414088,2.93
42223,0.9225,414088,2.75
42243,3.885833333,414088,6.23
42247,3.406111111,414088,2.86
42265,2.411111111,414088,6.19
42270,2.581388889,414088,6.49
42277,2.953333333,414088,2.91
42278,2.01,414088,0
42130,0.472777778,414088,0
42080,2.205833333,414088,6.52
42086,2.354722222,414088,6.47
42111,3.73,414088,6.65
42219,2.608333333,414088,6.94
42198,1.154166667,414088,3.42
42206,2.201944444,414088,4.45
42219,2.066111111,414088,5.12
42230,1.920277778,414088,4.9
42235,2.033055556,414088,5.01
42256,2.343055556,414088,5.04
42271,1.877222222,414088,5.07
42271,2.496944444,414088,7
42272,2.298333333,414088,4.87
42273,3.075,414088,6.38
42209,1.550555556,414088,4.75
42212,3.88,414088,7.03
42214,3.949444444,414088,2.45
42220,4.896944444,414088,7.05
42221,4.155555556,414088,6.87
42229,3.655,414088,6.99
42234,5.981111111,414088,6.91
42237,3.533333333,414088,6.85
42237,3.545,414088,1.14
42241,4.030833333,414088,6.8
42242,3.706944444,414088,6.73
42242,5.206111111,414088,3.3
42243,4.363611111,414088,6.85
42257,5.254722222,414088,6.84
42261,3.727222222,414088,7.05
42263,3.714722222,414088,6.93
42264,3.710277778,414088,6.94
42268,3.91,414088,6.95
42270,3.658055556,414088,6.9
42277,3.458055556,414088,7.08
42257,3.976111111,414088,3.26
42265,2.282777778,414088,6.56
42152,0.891388889,425476,4.97
42075,3.530555556,425476,6.41
42079,3.716111111,425476,6.52
42080,2.271944444,425476,6.52
42152,3.667777778,425476,6.84
42178,2.865833333,425476,3.2
42199,3.048611111,425476,3.29
42205,3.940555556,425476,3.48
42208,2.77,425476,3.55
42213,3.407777778,425476,7.39
42219,3.798055556,425476,3.49
42220,3.257777778,425476,3.79
42222,3.241666667,425476,3.56
42227,3.215833333,425476,3.14
42234,2.774444444,425476,6.57
42243,1.870277778,425476,4.2
42262,2.823055556,425476,3.87
42269,3.953333333,425476,3.75
42271,2.253888889,425476,5.08
42237,2.751666667,425476,3.38
42179,2.16,425476,5.21
42179,1.279444444,425476,2.8
42201,0.586388889,425476,1.55
42206,0.9175,425476,1.98
42212,4.003888889,425476,4.57
42222,2.4625,425476,1.76
42226,1.261111111,425476,1.83
42249,1.068888889,425476,2.02
42250,1.778333333,425476,1.74
41990,1.010833333,431796,1.82
42156,2.042222222,431796,0.27
42219,3.216666667,431796,1.82
42114,3.316666667,431796,5.3
42122,4.841388889,431796,6.91
42123,6.361944444,431796,5.55
42124,3.153333333,431796,6.66
42130,0.248611111,431796,0.66
42132,3.120555556,431796,6.59
42268,3.7425,431796,6.43
42269,4.186666667,431796,6.9
42271,3.408888889,431796,6.93
42272,3.699166667,431796,4.45
42272,2.803888889,431796,1.7
42198,2.008888889,431796,3.74
42278,0.026111111,431796,0
42278,0.025833333,431796,0
42082,2.235,445920,6.88
42086,2.1575,445920,6.65
42087,2.252777778,445920,6.8
42102,3.877777778,445920,7.03
42132,3.240555556,445920,7.28
42137,3.186111111,445920,6.98
42142,2.703611111,445920,7.07
42153,2.713333333,445920,7.04
42163,3.197222222,445920,6.92
42170,2.455277778,445920,7
42186,3.058333333,445920,6.83
42193,2.327222222,445920,7.05
42198,1.487222222,445920,4.62
42205,3.11,445920,6.84
42208,3.224444444,445920,6.95
42212,2.955,445920,7.38
42235,4.518888889,445920,7.33
42247,2.364444444,445920,6.77
42272,4.141666667,445920,6.88
42129,0.300833333,445920,7.08
42164,3.970833333,445920,6.05
42165,3.793333333,445920,6.24
42166,4.015,445920,6.44
42170,4.199166667,445920,6.56
42174,3.068888889,445920,6.56
42177,4.140833333,445920,6.54
42179,4.053333333,445920,6.3
42180,2.445277778,445920,6.51
42184,3.914444444,445920,6.5
42209,3.611944444,445920,6.49
42256,8.659722222,451479,5.46
42269,2.864444444,451479,4.84
42259,0.42,451479,1.31
42278,1.494444444,451479,4.89
42114,2.438055556,474204,6.9
42115,2.054166667,474204,6.6
42116,2.713333333,474204,6.94
42117,3.667777778,474204,6.84
42121,3.165555556,474204,6.94
42125,2.868611111,474204,7.03
42129,2.539722222,474204,6.96
42130,2.821666667,474204,7.06
42131,3.290833333,474204,7.01
42132,2.776111111,474204,6.86
42136,2.636111111,474204,6.66
42138,2.550833333,474204,6.95
42138,2.458611111,474204,2.83
42139,2.919444444,474204,6.8
42144,3.959444444,474204,6.92
42145,3.218888889,474204,6.95
42152,2.934166667,474204,6.9
42156,3.335277778,474204,6.9
42159,2.280555556,474204,6.92
42163,3.631666667,474204,7.02
42164,3.59,474204,0
42165,2.916111111,474204,7.06
42167,4.213055556,474204,6.2
42172,1.997222222,474204,6.25
42177,3.929444444,474204,7.01
42179,3.775277778,474204,6.83
42180,3.025833333,474204,6.85
42184,4.316666667,474204,6.92
42185,3.98,474204,6.97
42186,3.881666667,474204,6.87
42187,3.133888889,474204,6.91
42191,6.508611111,474204,7.17
42193,2.406944444,474204,6.99
42195,2.9325,474204,6.6
42198,2.01,474204,6.31
42201,1.631388889,474204,5.04
42206,2.8,474204,7.06
42207,2.910555556,474204,7.01
42208,2.916944444,474204,7.07
42220,2.174444444,474204,6.74
42229,2.466944444,474204,6.19
42234,3.775,474204,7.19
42243,2.761388889,474204,7.12
42249,3.788333333,474204,7.15
42264,3.3275,474204,7
42265,2.890833333,474204,6.9
42278,1.822222222,474204,5.96
42114,3.382777778,474204,6.91
42115,5.006388889,474204,6.9
42116,3.065,474204,6.82
42117,2.896666667,474204,6.98
42118,2.975555556,474204,6.85
42121,2.605,474204,6.92
42122,2.215833333,474204,6.59
42123,2.816666667,474204,6.72
42124,2.621666667,474204,6.65
42130,2.484166667,474204,6.71
42131,2.274722222,474204,6.3
42132,2.246111111,474204,6.3
42135,2.423333333,474204,6.75
42137,2.408888889,474204,7
42139,1.229444444,474204,3.62
42139,1.293888889,474204,3.01
42142,2.231111111,474204,5.77
42144,2.440555556,474204,6.88
42145,2.463888889,474204,6.95
42151,2.615277778,474204,6.86
42152,2.480555556,474204,6.8
42153,2.536111111,474204,6.86
42156,2.256388889,474204,6.57
42157,2.526111111,474204,6.73
42165,3.089444444,474204,6.95
42166,2.3975,474204,6.8
42167,2.54,474204,7.08
42170,2.846666667,474204,6.27
42171,2.394722222,474204,6.42
42173,2.380833333,474204,6.69
42174,2.55,474204,6.83
42184,3.188055556,474204,7.1
42185,2.451388889,474204,6.91
42186,2.371388889,474204,6.77
42187,2.349166667,474204,6.66
42192,2.340555556,474204,6.75
42193,2.441111111,474204,6.71
42194,2.594722222,474204,7.16
42195,3.614722222,474204,6.94
42198,2.372777778,474204,6.79
42199,2.394166667,474204,6.78
42201,2.328611111,474204,6.33
42202,2.866388889,474204,6.97
42206,2.938888889,474204,6.69
42207,3.010833333,474204,6.93
42212,1.858611111,474204,5.5
42213,2.283333333,474204,6.44
42214,2.453333333,474204,6.77
42215,2.945277778,474204,6.65
42216,3.436666667,474204,6.73
42219,3.053055556,474204,6.63
42220,3.404166667,474204,6.79
42242,2.673055556,474204,6.74
42242,1.073333333,474204,2.87
42250,2.915833333,474204,6.6
42255,3.071388889,474204,6.94
42256,3.010555556,474204,6.84
42261,2.261944444,474204,6.73
42263,2.610277778,474204,6.79
42268,2.990833333,474204,6.73
42269,2.419722222,474204,6.76
42278,0.012777778,474204,0
42122,2.450833333,474204,6.79
42123,3.288888889,474204,6.81
42124,3.679444444,474204,6.49
42128,1.571944444,474204,4.87
42129,3.426111111,474204,6.43
42130,2.905555556,474204,6.66
42131,2.467222222,474204,6.81
42132,2.363888889,474204,6.63
42135,3.754722222,474204,6.53
42136,1.550555556,474204,4.95
42137,3.791388889,474204,6.54
42138,2.450277778,474204,6.26
42142,3.677777778,474204,6.61
42143,2.4175,474204,6.26
42145,2.639444444,474204,6.51
42146,3.423888889,474204,6.53
42150,4.712222222,474204,6.47
42152,1.551111111,474204,4.85
42153,4.060277778,474204,6.6
42156,1.454166667,474204,4.59
42157,2.705,474204,6.57
42173,3.714722222,474204,6.6
42178,4.157777778,474204,6.54
42207,2.016666667,474204,6.41
42208,3.350833333,474204,6.38
42212,0.205277778,474204,0.55
42122,1.900277778,474204,4.46
42123,2.176111111,474204,6.34
42124,2.280277778,474204,6.77
42125,1.184166667,474204,3.61
42128,1.908333333,474204,5.51
42129,2.821388889,474204,5.58
42130,2.210833333,474204,6.58
42131,2.273055556,474204,6.68
42132,2.231388889,474204,6.52
42135,2.118888889,474204,6.29
42136,2.341388889,474204,6.78
42137,2.038333333,474204,6.13
42138,2.526111111,474204,7.44
42142,2.326388889,474204,6.43
42143,2.697222222,474204,6.35
42144,2.678333333,474204,6.49
42146,2.703888889,474204,6.42
42150,4.060277778,474204,6.47
42151,2.381388889,474204,6.93
42152,3.046388889,474204,3.67
42153,1.340555556,474204,4.16
42156,2.533888889,474204,7.11
42157,2.24,474204,6.34
42158,2.307222222,474204,6.88
42160,2.355,474204,6.92
42163,2.269166667,474204,6.2
42164,2.111388889,474204,6.12
42166,3.193055556,474204,6.44
42170,2.191388889,474204,6.21
42171,2.425,474204,5.89
42171,1.081944444,474204,0.96
42172,2.253611111,474204,6.51
42173,3.194166667,474204,6.57
42174,3.931111111,474204,6.57
42177,2.379722222,474204,6.39
42178,3.681388889,474204,6.03
42179,3.391111111,474204,6.37
42180,2.157777778,474204,6.18
42181,4.172777778,474204,6.47
42184,2.066944444,474204,6.18
42185,2.723055556,474204,6.5
42186,2.736666667,474204,5.79
42187,4.56,474204,6.37
42191,2.228333333,474204,6.39
42192,2.985277778,474204,6
42193,3.2725,474204,6.42
42194,3.381666667,474204,6.69
42195,2.717777778,474204,6.91
42198,0.492777778,474204,1.43
42198,2.448333333,474204,4.72
42199,3.451111111,474204,6.43
42200,2.287777778,474204,6.27
42201,2.764444444,474204,6.52
42202,2.693611111,474204,6.67
42205,2.446666667,474204,6.18
42206,1.586111111,474204,4.82
42207,2.253055556,474204,5.95
42208,3.645,474204,6.4
42221,2.540555556,474204,6.35
42222,4.026944444,474204,6.78
42223,2.443333333,474204,6.31
42226,3.318611111,474204,6.11
42227,3.382777778,474204,6.31
42228,3.299444444,474204,6.15
42229,2.946388889,474204,6.57
42251,2.07,474204,5.94
42257,3.757777778,474204,6.45
42257,1.073333333,474204,2.48
42258,3.015555556,474204,5.85
42262,3.6275,474204,6.15
42265,2.476944444,474204,5.74
42270,3.505555556,474204,6.54
42271,1.900277778,474204,6.05
42271,1.041944444,474204,0.06
42275,0.021388889,474204,0
42275,0.025555556,474204,0
42275,0.016666667,474204,0
42275,0.020555556,474204,0
42270,4.861666667,481613,3.05
42257,3.133055556,481613,4.64
42258,3.869722222,481613,6.28
42271,2.052777778,481613,5.57
42263,4.112222222,488364,7.07
42257,1.871666667,489543,4.66
42263,0.738611111,489543,2.33
42248,2.843055556,489543,5.2
42257,2.397222222,489543,5.04
42270,2.461388889,489543,6.07
42271,2.688055556,489543,4.08
42276,2.7425,489543,3.53
42277,1.262222222,489543,3.76
42195,1.012222222,489543,4.17
42201,3.205555556,489543,18.17
42272,1.348888889,489543,6.56
42258,4.042777778,489543,4.41
42185,3.144722222,489543,6.87
42191,2.920277778,489543,7.08
42192,2.935277778,489543,6.95
42195,3.963888889,489543,6.96
42205,2.637222222,489543,6.49
42208,2.956944444,489543,6.48
42209,2.507222222,489543,6.22
42214,1.466111111,489543,4.36
42214,1.393333333,489543,2.75
42221,2.789166667,489543,6.79
42223,2.527222222,489543,6.91
42229,2.924444444,489543,6.94
42235,1.916388889,489543,5.87
42237,3.646388889,489543,7
42243,3.379444444,489543,6.87
42244,3.091388889,489543,6.86
42247,3.401666667,489543,7.09
42250,3.509166667,489543,6.55
42261,2.724166667,489543,6.89
42262,3.954444444,489543,6.86
42279,3.572777778,489543,6.9
42186,2.202777778,489543,2.9
42212,1.9925,489543,5.68
42263,2.191944444,489543,5.84
42270,5.722222222,489543,5.87
42271,3.385277778,489543,6
42275,2.142777778,489543,5.84
42200,2.643055556,489543,6.95
42201,3.378888889,489543,7.03
42202,3.015277778,489543,6.71
42215,2.781388889,489543,7.03
42219,2.292777778,489543,7.39
42236,2.931666667,489543,6.95
42249,2.738055556,489543,8.31
42272,3.068055556,489543,6.74
42276,2.873888889,489543,6.68
42278,3.776944444,489543,6.58
42186,3.580277778,489543,7.06
42207,1.352222222,489543,2.92
42020,2.157222222,500856,7.52
42137,3.0975,500856,4.35
42251,3.018055556,500856,10.01
42138,2.293055556,500856,4.71
42139,3.582777778,500856,7.97
42152,3.058055556,500856,10.69
42157,2.934444444,500856,16.49
42207,4.0975,500856,6.55
42208,1.937777778,500856,6.09
42212,1.813888889,500856,5.69
42213,1.765555556,500856,5.53
42256,2.200277778,500856,6.78
42033,0.645555556,507660,1.83
42034,2.506388889,507660,6.95
42045,1.878333333,507660,5.61
42046,1.822222222,507660,4.87
42048,1.533333333,507660,2.34
42052,1.463611111,507660,4.27
42107,0.881111111,507660,2.54
42109,1.188055556,507660,2.28
42159,0.791111111,507660,2.32
42179,1.708333333,507660,3.3
42279,2.506388889,507660,6.17
42270,1.856666667,507660,5.27
42198,1.243333333,507660,3.64
42234,2.098888889,507660,0.56
42081,0.028888889,507660,0
42191,3.428611111,507660,5.16
42199,2.859722222,507660,4.1
42206,2.696388889,507660,2.74
42212,3.986388889,507660,3.21
42221,3.728888889,507660,6.71
42233,2.709166667,507660,2.13
42235,3.423333333,507660,5.45
42235,3.753333333,507660,2.19
42237,3.132777778,507660,6.71
42248,8.47,507660,6.86
42269,3.916944444,507660,6.93
42206,1.696944444,507660,5
42207,3.176388889,507660,7.13
42208,2.871388889,507660,6.78
42219,3.75,507660,7.16
42094,1.207222222,514669,3.63
42103,1.439722222,514669,4.16
42069,3.543888889,514669,6.15
42110,2.747777778,514669,3.32
42123,0.801666667,514669,2.42
42167,2.089444444,514669,6.38
42207,3.090833333,514669,2.87
42221,2.560833333,514669,6.67
42237,3.293333333,514669,4.81
42268,1.869722222,514669,3.82
42275,3.691666667,514669,0
42082,0.021388889,514669,0
42083,2.345833333,514669,6.69
42137,3.211944444,514669,0.21
42143,2.035555556,514669,1.36
42143,4.976666667,514669,9.14
42144,3.786944444,514669,7.01
42152,3.944722222,514669,7.14
42156,6.387222222,514669,1.02
42198,0.489166667,514669,6.67
42208,1.520555556,514669,3.76
42209,1.870277778,514669,4.71
42216,0.6275,514669,1.87
42215,3.276666667,514669,7.1
42219,3.873333333,514669,7.21
42228,3.748333333,514669,7.03
42228,3.239166667,514669,1.7
42258,4.156111111,514669,6.99
42262,3.922222222,514669,6.95
42269,4.408333333,514669,6.73
42272,3.038333333,514669,1.83
42277,4.381944444,514669,3.08
42278,3.589166667,514669,6.89
42053,3.158888889,517464,6.72
42067,2.683611111,517464,6.87
42073,3.342777778,517464,6.48
42076,3.591666667,517464,6.94
42081,0.692222222,517464,2.06
42096,2.06,517464,5.91
42109,1.493333333,517464,4.48
42110,2.765833333,517464,5.81
42111,3.306111111,517464,4.68
42114,2.605,517464,6.14
42115,2.936944444,517464,6.39
42116,2.6025,517464,6.91
42144,2.750555556,517464,6.09
42145,2.545,517464,5.23
42170,2.064444444,517464,5.15
42195,2.495555556,517464,5.43
42198,2.7475,517464,5.34
42201,0.800555556,517464,2.4
42214,3.927777778,517464,4.78
42221,3.969444444,517464,5.64
42234,2.928333333,517464,5.72
42235,4.045,517464,5.06
42250,0.515,517464,1.48
42251,5.785,517464,5.18
42265,3.6725,517464,6.53
42268,4.439166667,517464,5.06
42269,2.887222222,517464,5.1
42249,2.586111111,517464,7.08
42268,3.359166667,517464,7.01
42270,2.597777778,517464,6.97
42272,2.485555556,517464,6.96
42269,4.438888889,540225,3.11
42257,2.013888889,540225,5.58
42258,1.215555556,540225,3.87
42278,0.178611111,540225,0.52
42261,0.746388889,540225,2.23
42264,0.343055556,540225,0.69
42277,3.843055556,540225,4.69
42262,3.744444444,540225,6.93
42270,1.691111111,540225,0.08
42271,1.334166667,540225,0.06
42277,3.467222222,540225,6.56
41962,2.177222222,549414,9.74
42102,2.320833333,549414,6.51
41964,2.483055556,549414,7.38
41991,2.188611111,549414,6.64
42073,3.6975,549414,6.57
42074,1.576944444,549414,4.88
42214,2.691666667,549414,5.91
42207,4.825,549414,7.64
42209,2.2025,549414,6.63
42213,4.093333333,549414,6.92
42214,5.323333333,549414,8.02
42219,2.693055556,549414,4.99
42230,3.536111111,549414,5
42235,3.9125,549414,5.28
42236,3.431111111,549414,4.74
42237,3.406388889,549414,6.92
42241,3.926944444,549414,6.8
42242,1.561111111,549414,4.75
42243,3.585555556,549414,6.47
42244,5.743888889,549414,6.77
42248,3.690555556,549414,6.79
42249,3.9375,549414,4.77
42250,5.554722222,549414,7.74
42251,1.716388889,549414,4.63
42255,3.283055556,549414,4.81
42256,1.056111111,549414,3.21
42257,3.161111111,549414,6.17
42261,3.005277778,549414,5.25
42263,2.735833333,549414,5.66
42269,3.828333333,549414,6.19
42216,2.498333333,562656,6.85
42223,5.156944444,562656,6.82
42226,3.406944444,562656,6.76
42229,2.788055556,562656,6.86
42233,3.043055556,562656,6.88
42235,2.585,562656,6.8
42236,2.643055556,562656,6.78
42237,2.856111111,562656,6.8
42240,3.871388889,562656,6.96
42241,2.675,562656,6.89
42243,2.325555556,562656,6.76
42244,2.878055556,562656,6.87
42248,2.489444444,562656,6.77
42249,2.873333333,562656,6.73
42251,3.676944444,562656,6.94
42257,3.195,562656,6.8
42258,3.470555556,562656,6.8
42264,2.312777778,562656,6.75
42265,2.652777778,562656,6.95
42270,2.815,562656,6.7
42271,2.763333333,562656,6.78
42272,2.701111111,562656,6.84
42278,2.946388889,562656,6.85
42256,3.797777778,562656,6.25
42261,4.037222222,562656,6.47
42263,3.890555556,562656,6.47
42268,3.779722222,562656,6.54
42269,3.060833333,562656,6.56
42275,3.352222222,562656,6.47
42276,2.309444444,562656,5.92
42277,3.808611111,562656,6.33
42278,2.710833333,562656,6.53
42279,2.586388889,562656,6.33
42222,2.694722222,562656,6.88
42250,2.776111111,562656,6.96
42048,3.450833333,568071,7.06
42072,4.109722222,568071,6.25
42082,3.163611111,568071,6.68
42088,2.45,568071,6.82
42089,0.0175,568071,0
42094,1.939444444,568071,5.77
42100,2.344166667,568071,6.66
42108,3.643888889,568071,6.75
42118,2.866111111,568071,6.4
42121,3.403333333,568071,5.31
42124,2.628055556,568071,5.91
42125,0.663611111,568071,2
42129,2.313611111,568071,5.83
42136,3.351666667,568071,5.51
42139,1.136111111,568071,3.45
42143,2.127777778,568071,4.74
42150,1.298611111,568071,4.05
42156,4.127222222,568071,5.43
42163,3.36,568071,4.64
42172,2.6275,568071,5.54
42177,2.066666667,568071,5.44
42181,1.945833333,568071,5.42
42199,3.395277778,568071,5.81
42202,0.568888889,568071,1.72
42215,4.207777778,568071,6.98
42219,4.533333333,568071,5.08
42226,2.814444444,568071,4.83
42228,3.139444444,568071,5.33
42229,3.952777778,568071,6.81
42233,2.755555556,568071,6.88
42241,4.866388889,568071,4.82
42243,3.490277778,568071,6.71
42255,2.408055556,568071,5.05
42261,3.984166667,568071,6.71
42158,3.674722222,568071,0.16
42222,2.413333333,568071,6.93
42228,3.486111111,568071,6.92
42243,2.568055556,568071,7.04
42249,1.765277778,569886,4.94
42240,2.305277778,569886,5.49
42256,3.179166667,569886,4.48
42268,0.994722222,569886,3.14
42278,2.126388889,569886,3.84
42241,3.224166667,569886,17.8
42251,1.146111111,569886,5.26
42265,1.614166667,569886,9.02
42275,4.614166667,569886,6.3
42228,2.1175,569886,5.08
42264,2.023611111,569886,6.17
42192,2.805277778,569886,5.97
42193,3.660277778,569886,6.02
42194,2.95,569886,5.83
42195,4.257777778,569886,5.99
42208,2.737222222,569886,6
42209,7.521388889,569886,5.9
42215,1.920277778,569886,5.88
42219,3.066944444,569886,6.09
42221,2.026666667,569886,5.98
42226,3.088055556,569886,6.1
42229,2.045277778,569886,6.05
42233,2.706111111,569886,6.09
42234,3.757222222,569886,6.08
42236,3.833888889,569886,6.15
42240,2.846111111,569886,5.94
42242,3.894444444,569886,5.95
42244,1.783055556,569886,5.72
42248,3.017777778,569886,5.93
42250,3.170555556,569886,6.19
42255,2.765833333,569886,5.9
42262,3.863333333,569886,5.68
42264,2.095277778,569886,5.77
42264,2.351388889,569886,5.46
42185,3.298055556,569886,7
42186,2.473333333,569886,6.96
42193,2.846944444,569886,7.04
42205,2.925,569886,8.26
42212,2.984444444,569886,7.11
42213,2.51,569886,6.9
42221,2.223888889,569886,6.77
42237,3.245,569886,6.8
42256,2.576666667,569886,7.78
42258,2.754166667,569886,6.95
42270,3.1825,569886,6.71
42271,2.628055556,569886,6.68
42272,2.168333333,569886,4.8
42230,4.143611111,569886,7.05
42235,3.740555556,569886,6.88
42270,1.933888889,569886,4.33
42275,3.494444444,569886,5.42
42277,3.427222222,569886,5.58
41976,1.768333333,569889,6.17
42063,0.709722222,569889,3.02
42018,2.429166667,569889,2.66
42025,3.039444444,569889,3.49
42033,2.365277778,569889,0.93
42047,3.894722222,569889,2.86
41962,3.140277778,569889,9.03
42082,1.379166667,569889,4.17
42095,0.025833333,569889,0
42079,2.946944444,569889,6.9
42247,2.819444444,569889,6.52
42131,4.340555556,569889,6.93
42135,2.788611111,569889,5.56
42136,3.302222222,569889,7.6
42138,3.571666667,569889,6.89
42157,2.975,569889,6.93
42163,3.629444444,569889,5.36
42166,5.458888889,569889,7.58
42179,4.937777778,569889,5.98
42215,3.438055556,569889,7.9
42216,3.338611111,569889,7.36
42258,3.653888889,569889,6.55
42082,1.780833333,569889,5.35
42082,0.963888889,569889,2.51
42083,0.046388889,569889,0.02
42101,2.378055556,569889,6.89
42103,4.921944444,569889,6.91
42103,0.507777778,569889,1.45
42146,3.218611111,569889,12.35
42059,2.243888889,572249,6.75
42074,3.72,572249,7.35
42090,2.401944444,572249,6.92
42095,2.206388889,572249,6.36
42102,3.334166667,572249,6.75
42104,2.593055556,572249,5.69
42107,3.903888889,572249,5.47
42153,3.276111111,572249,6.73
42174,1.87,572249,5.16
42179,2.709722222,572249,6.75
42184,2.775555556,572249,5.36
42185,2.423333333,572249,5.05
42192,1.47,572249,4.56
42222,1.776666667,572249,5.43
42223,4.688333333,572249,6.91
42236,3.168888889,572249,6.76
42242,3.722222222,572249,6.38
42271,2.630277778,572249,5.02
42278,3.9375,572249,6.68
42094,1.351666667,572249,3.53
42114,0.995277778,572249,2.94
42159,2.879444444,572249,2.97
42223,2.394444444,572249,7.04
42052,3.043888889,575971,8.31
42067,1.970833333,575971,6.17
42073,2.474722222,575971,6.63
42096,2.161111111,575971,6.53
42145,3.770833333,575971,6.64
42167,2.856388889,575971,6.64
42177,3.994444444,575971,6.84
42178,8.8725,575971,7.09
42180,4.442777778,575971,6.76
42181,7.759166667,575971,6.72
42192,4.094722222,575971,6.73
42205,3.773055556,575971,6.85
42207,3.426944444,575971,6.72
42214,4.677777778,575971,6.71
42221,4.185555556,575971,6.71
42226,3.677222222,575971,6.9
42227,3.908611111,575971,6.73
42230,4.101111111,575971,6.72
42235,4.100277778,575971,6.71
42236,3.8425,575971,6.67
42241,4.255555556,575971,6.64
42243,4.038611111,575971,6.66
42247,4.057777778,575971,6.84
42251,4.544444444,575971,6.74
42251,0.786388889,575971,1.97
42255,4.246666667,575971,6.62
42258,4.126111111,575971,6.79
42262,3.936944444,575971,6.75
42263,4.637222222,575971,6.7
42275,4.0325,575971,6.88
42276,4.018333333,575971,6.62
42279,3.819444444,575971,6.7
41961,1.510555556,582873,7.78
42020,1.658055556,582873,8.49
42278,1.426666667,582873,3.43
42123,1.346944444,582873,3.52
42130,1.831666667,582873,3.78
42135,2.411666667,582873,4.1
42144,1.515555556,582873,4.03
42145,2.088888889,582873,6.19
42159,1.996111111,582873,5.93
42167,1.463333333,582873,3.65
42201,1.373611111,582873,4
42214,1.695833333,582873,3.26
42221,2.240833333,582873,3.4
42229,1.640833333,582873,2.84
42275,1.795277778,582873,4.22
42142,3.762222222,582873,6.41
42152,4.256111111,582873,5.84
42163,3.221111111,582873,4.25
42194,3.409722222,582873,6.7
42189,2.624722222,582873,6.73
42189,1.830555556,582873,1.4
42190,3.4625,582873,6.92
42270,4.811111111,587514,3.04
42275,3.844444444,587514,0.19
42256,4.808055556,587514,5.11
42270,0.447222222,587514,0.02
42089,0.367222222,594591,1.07
42054,2.954166667,594591,5.94
42132,2.922777778,594591,6.56
42150,2.916944444,594591,6.64
42153,2.798611111,594591,5.34
42156,3.011111111,594591,6.34
42160,1.856944444,594591,4.89
42165,3.283333333,594591,6
42219,2.228055556,594591,5.99
42221,3.639444444,594591,6.4
42226,3.003611111,594591,5.75
42229,2.253888889,594591,6.03
42236,2.973055556,594591,6.26
42250,2.576111111,594591,6.81
42257,3.661666667,594591,6.56
42258,0.864722222,594591,2.26
42144,3.396388889,594591,5.44
42146,2.605277778,594591,4.97
42152,3.836666667,594591,7.86
42164,3.934722222,594591,4.86
42191,2.868888889,594591,7.4
42191,2.734444444,594591,1.6
42276,3.863611111,594591,7.14
42278,3.917777778,594591,7.17
42089,1.801111111,594591,5.47
42159,3.384166667,594591,5.87
42263,3.245,594591,7.08
42093,0.241111111,612116,0.78
42173,2.585,612116,6.78
42019,2.298333333,612116,6.55
42020,3.634166667,612116,3.6
42026,2.763888889,612116,3.85
42055,3.472222222,612116,6.31
41963,2.455277778,612116,6.95
42086,2.029722222,612116,5.67
42143,3.955277778,612116,6.73
42150,3.4175,612116,7.05
42201,3.283333333,612116,6.77
42205,3.848611111,612116,6.28
42208,4.023888889,612116,7.64
42240,3.441111111,612116,6.62
42110,5.284722222,612116,6.91
42114,0.584722222,612116,1.7
42272,0.025833333,616125,0
42276,3.951111111,616125,6.82
42033,0.841944444,623134,3.42
42059,0.351666667,623134,1.07
42173,2.300277778,623134,6.7
42174,2.508055556,623134,6.43
42177,2.901944444,623134,6.41
42179,3.0775,623134,6.44
42191,3.777222222,623134,5.66
42192,2.723611111,623134,5.64
42193,2.220833333,623134,4.16
42200,3.352777778,623134,6.53
42270,3.7375,623134,6.4
42275,4.556388889,623134,6.86
41961,3.413055556,632920,5.61
42138,1.671944444,632920,2.31
42177,3.118888889,632920,6.66
42191,3.610277778,632920,6.71
42200,3.219444444,632920,6.54
42201,3.511388889,632920,2.04
42202,3.364722222,632920,6.5
42205,2.401388889,632920,3.16
42206,3.545277778,632920,0.93
42207,3.122222222,632920,6.51
42209,3.245555556,632920,2.02
42214,2.575277778,632920,6.05
42215,3.627222222,632920,3.46
42219,3.4125,632920,6.48
42220,1.506944444,632920,4.73
42221,3.28,632920,3.69
42222,1.885833333,632920,3.82
42223,2.947777778,632920,4.03
42233,4.018055556,632920,1.99
42234,3.051666667,632920,3.94
42235,1.295833333,632920,3.52
42166,2.165555556,632920,6.59
42248,1.91,638536,4.64
42244,1.884722222,638536,6.03
42249,3.068333333,638536,5.46
42255,1.268611111,638536,3.88
42261,3.216944444,638536,3.7
42265,2.703611111,638536,3.63
42236,3.499722222,638536,20.24
42230,3.477777778,638536,5.98
42184,2.710277778,638536,7.88
42186,1.331111111,638536,1.24
42195,3.920833333,638536,6.98
42198,2.997777778,638536,7.9
42207,2.4025,638536,7
42244,3.208055556,638536,6.73
42262,2.821388889,638536,6.95
42275,2.727777778,638536,7.6
42187,3.205,638536,7.1
42209,1.366666667,638536,3.23
42229,3.666388889,638536,7
42233,4.121944444,638536,6.19
42234,2.988055556,638536,6.95
42237,3.408611111,638536,6.83
42240,3.032222222,638536,6.9
42241,5.051111111,638536,6.93
42242,3.318055556,638536,6.89
42243,4.212222222,638536,6.92
42244,2.723611111,638536,6.82
42248,3.150555556,638536,6.93
42249,4.176944444,638536,6.97
42255,3.975833333,638536,6.73
42256,3.664722222,638536,6.91
42257,4.290277778,638536,6.78
42258,2.655,638536,6.92
42258,3.664166667,638536,2.26
42261,5.661666667,638536,6.95
42262,5.0075,638536,1.53
42263,5.4275,638536,6.88
42264,4.31,638536,6.85
42268,5.626944444,638536,6.73
42269,3.138333333,638536,6.75
42270,3.256666667,638536,6.73
42270,1.938333333,638536,3.79
42271,4.441111111,638536,6.68
42272,3.248611111,638536,6.76
42272,4.528888889,638536,0.77
42276,3.118611111,638536,6.56
42277,3.850833333,638536,6.58
42279,3.151111111,638536,6.54
42279,2.060555556,638536,3.02
42279,0.595833333,638536,1.26
42268,1.506111111,638536,1.5
42269,0.647222222,638536,1.64
42277,3.495555556,638536,6.07
42206,3.061944444,643012,6.58
42208,3.9375,643012,15.52
42209,4.375,643012,20.38
42215,3.986388889,643012,13.74
42219,3.609166667,643012,13.81
42222,3.943888889,643012,12.33
42226,3.975,643012,15.87
42229,3.338055556,643012,16.5
42230,3.9925,643012,12.6
42233,3.569722222,643012,14.98
42236,4.611388889,643012,17.97
42247,3.934722222,643012,7.02
42248,4.133611111,643012,18.07
42249,3.584722222,643012,13.6
42250,4.008333333,643012,14.23
42256,4.421944444,643012,12.37
42269,4.566388889,643012,13.41
42270,2.880833333,643012,14.83
42271,3.0775,643012,12.54
42272,3.724166667,643012,16.76
42275,3.323888889,643012,7.98
42277,2.827222222,643012,14.77
42279,4.135555556,643012,14.51
42277,2.937222222,643012,6.88
42074,6.602777778,653450,6.47
42079,2.186666667,653450,6.41
42101,2.329722222,653450,6.68
42123,2.32,653450,6.23
42124,2.345555556,653450,6.6
42136,2.098333333,653450,6
42138,2.3475,653450,5.96
42139,2.946111111,653450,2.72
42157,2.068333333,653450,5.89
42171,1.866666667,653450,5.37
42173,2.118611111,653450,5.57
42174,0.726666667,653450,2.02
42178,1.919722222,653450,5.58
42181,2.025,653450,5.64
42192,2.475277778,653450,5.89
42199,2.062777778,653450,5.76
42201,1.964166667,653450,5.66
42270,2.169166667,653450,5.9
42277,3.115555556,653450,5.54
42136,5.628611111,653450,7.46
42153,2.511666667,653450,6.48
42177,9.836944444,653450,7
42206,5.938055556,653450,7.34
42207,4.881111111,653450,7.79
42237,3.725277778,653450,6.98
42240,5.457222222,653450,6.96
42243,3.953888889,653450,7.03
42244,3.829444444,653450,6.92
42249,4.615277778,653450,7.08
42250,3.522777778,653450,6.83
42256,3.192777778,653450,7.08
42275,0.023333333,653450,0
42220,2.457222222,653450,5.39
42226,1.825,653450,5.05
42228,2.088611111,653450,5.35
42247,1.965,653450,5.52
42248,1.881111111,653450,4.93
42262,1.909444444,653450,5.28
42265,1.739444444,653450,4.89
42226,5.523333333,653450,6.84
42258,3.090833333,653450,5.05
42264,3.484444444,653450,5.37
42265,2.1475,653450,8.98
42270,3.281666667,653450,9.87
42271,3.940555556,653450,10.83
42272,1.535555556,653450,8.87
42279,3.056666667,653450,16.94
42243,1.47,664306,3.24
42257,0.761388889,664306,1.84
42216,0.8875,664306,2.87
42221,3.331111111,664306,19.47
42228,2.967777778,664306,17.9
42237,1.566666667,664306,3.92
42244,0.928055556,664306,3.92
42258,0.983611111,664306,4.59
42270,3.618611111,664306,20.6
42277,3.821388889,664306,21.2
42208,3.106111111,664306,5.74
42184,1.168888889,664306,3.76
42265,2.156388889,664306,1.74
42262,4.066111111,664306,6.71
42264,3.731388889,664306,6.71
42278,3.475277778,664306,6.76
42200,3.404722222,664306,6.83
42201,2.628333333,664306,6.47
42202,3.219722222,664306,6.44
42206,3.220277778,664306,6.39
42215,3.474166667,664306,6.93
42222,2.531944444,664306,6.47
42226,3.0225,664306,6.8
42227,3.682777778,664306,6.92
42233,3.269444444,664306,6.97
42234,2.948888889,664306,7.11
42236,3.255833333,664306,7.09
42240,2.783055556,664306,7.08
42241,2.565833333,664306,7.01
42242,3.148055556,664306,6.43
42248,2.509722222,664306,6.95
42255,3.106944444,664306,6.97
42258,1.145277778,664306,3.69
42265,3.484722222,664306,6.94
42269,2.884722222,664306,6.71
42271,1.372222222,664306,4.35
42272,3.534444444,664306,6.84
42272,3.661944444,664306,6.4
42276,2.860833333,664306,6.71
42277,2.486944444,664306,6.37
42180,2.309166667,664306,6.09
42181,2.0475,664306,6.04
42184,5.247222222,664306,5.98
42186,1.284166667,664306,4.15
42187,3.560555556,664306,5.98
42191,2.0725,664306,6.1
42207,2.076944444,664306,5.92
42213,4.786666667,664306,6.16
42235,2.19,664306,6.18
42237,2.061388889,664306,6.1
42243,3.76,664306,5.95
42247,3.935833333,664306,6.01
42249,1.944722222,664306,6.06
42256,2.766944444,664306,5.94
42257,2.192777778,664306,5.89
42258,2.082777778,664306,5.59
42261,4.304444444,664306,5.97
42268,3.198611111,664306,5.87
42181,2.556111111,664306,6.97
42199,3.110277778,664306,7.02
42201,0.982777778,664306,1.43
42220,2.375,664306,7.03
42220,0.964722222,664306,1.03
42234,3.097222222,664306,7.03
42251,2.541388889,664306,7.75
42264,2.749166667,664306,6.02
42268,3.489444444,664306,6.83
42279,4.366111111,664306,6.94
42278,2.983611111,664306,6.95
42087,1.219166667,672450,3.7
42089,1.431111111,672450,4.4
42090,1.1925,672450,3.66
42020,2.348333333,672450,6.78
42024,2.341944444,672450,4.81
42117,1.183055556,672450,3.65
42235,3.328333333,672450,2.64
42256,3.87,672450,3.44
42257,3.706111111,672450,5.6
42179,3.678611111,672450,4.53
42200,3.908611111,672450,6.48
42208,3.823055556,672450,6.09
42209,3.944166667,672450,6.7
42213,4.848333333,672450,7.1
42229,4.541666667,672450,5.77
42234,3.891111111,672450,6.78
42237,3.481666667,672450,4.05
42270,3.907777778,672450,6.01
42272,3.928888889,672450,6.8
42279,4.508888889,672450,5.07
42139,2.258055556,693651,6.12
42153,3.562222222,693651,3.25
42247,1.043333333,693651,2.82
42130,0.995833333,693651,0
42272,0.018888889,693651,0
42279,0.028888889,693651,0
42279,0.023055556,693651,0
42257,1.676388889,711566,9.55
42257,3.538611111,711566,7.77
42235,4.328333333,711566,6.55
42235,2.980833333,711566,2.04
42236,3.054166667,711566,4.09
42241,3.236388889,711566,2.33
42255,3.966388889,711566,6.87
42256,4.906944444,711566,2.61
42258,4.428611111,711566,6.34
42262,1.093055556,711566,3.08
42054,0.595833333,728918,3.1
42101,0.828611111,728918,2.13
42121,2.003888889,728918,6.11
42159,0.313611111,728918,1.66
42160,1.932777778,728918,1.37
42199,2.551944444,728918,4.38
42208,2.526388889,728918,5.25
42220,3.431388889,728918,5.64
42228,0.989444444,728918,3.01
42229,3.592777778,728918,7.29
42249,3.966666667,728918,2.87
42061,3.461388889,728918,7.28
42066,3.5525,728918,9.32
42073,3.380555556,728918,6.59
42087,1.589722222,728918,4.38
42096,2.235833333,728918,6.48
42102,2.900833333,728918,6.5
42114,3.193055556,728918,6.52
42117,3.828888889,728918,7.03
42122,1.873055556,728918,5.84
42124,3.343888889,728918,6.57
42128,3.398333333,728918,6.54
42159,2.853611111,728918,6.64
42164,3.789166667,728918,3.82
42165,1.432777778,728918,3.34
42170,3.934166667,728918,3.32
42177,3.758611111,728918,3.51
42241,2.245833333,728918,3.16
42261,2.990555556,728918,4.72
42066,2.500833333,728918,6.04
42103,4.106388889,728918,6.45
42233,2.991111111,728918,8.01
42166,2.491111111,728918,4.77
42167,5.571388889,728918,6.76
42170,2.676666667,728918,0.12
42173,2.606111111,728918,6.68
42174,1.928333333,728918,5.77
42174,1.649444444,728918,2.94
42230,1.0475,728918,2.56
42236,4.255555556,728918,4.19
42237,5.830833333,728918,5.16
42240,1.406666667,728918,3.47
42240,2.663333333,728918,1.96
42242,1.850555556,728918,4.79
42243,2.633333333,728918,2.76
42243,3.273888889,728918,1.4
42247,1.270555556,728918,3.82
42247,3.372777778,728918,5.1
42248,3.191111111,728918,3.75
42249,2.621944444,728918,1.87
42250,1.455277778,728918,2.85
42255,1.759166667,728918,4.36
42256,1.825555556,728918,5.16
42263,2.226388889,728918,5.18
42264,0.691388889,728918,1.67
42269,3.335833333,728918,6.52
42269,1.529444444,728918,1.78
42271,2.606388889,728918,3.26
42271,0.978055556,728918,1.63
42275,2.398055556,728918,6.8
42275,1.333888889,728918,2.25
42276,0.632222222,728918,1.38
42276,2.871388889,728918,1.78
42278,1.694166667,728918,2.63
42207,2.766388889,729642,12.99
42214,2.558888889,729642,13.23
42227,4.395277778,729642,13.04
42228,3.35,729642,16.02
42237,6.905833333,729642,13.8
42072,3.206666667,730023,19.79
42107,2.531388889,730023,16.88
42140,2.636944444,730023,17.25
42161,2.835555556,730023,18.35
42164,1.999444444,730023,12.83
42190,2.953333333,730023,18.7
42190,1.257222222,730023,8.29
42196,1.784166667,730023,11.59
42212,3.016388889,730023,20.06
42217,3.518333333,730023,22.14
42225,1.765833333,730023,11.33
42231,2.682777778,730023,18.15
42239,3.1625,730023,20.37
42246,1.974444444,730023,12.91
42249,0.711944444,730023,4.54
42259,3.236111111,730023,20.37
42267,1.815,730023,11.93
42274,1.600555556,730023,10.63
42280,4.106666667,730023,23.68
42082,1.914722222,738900,9.52
42083,1.405555556,738900,6.6
42089,1.527222222,738900,7.32
42115,3.363333333,738900,7.88
42116,4.147222222,738900,3.79
42157,3.046388889,738900,9.75
42158,1.538333333,738900,8.1
42160,3.231388889,738900,6.78
42200,2.144722222,738900,4.92
42201,3.881388889,738900,4.72
42209,3.727222222,738900,6.59
42221,2.575555556,738900,4
42230,3.5325,738900,6.56
42230,3.805555556,738900,1.81
42233,3.796388889,738900,4.6
42234,3.208333333,738900,4.16
42264,0.527777778,738900,2.27
42104,2.266388889,738900,12.92
42198,6.463333333,738900,8.76
42207,3.765555556,738900,8.44
42250,4.265555556,738900,15.52
42270,0.32,738900,1.63
42122,2.778888889,738900,5.37
42163,4.363888889,738900,6.51
42177,3.435555556,738900,3.73
42226,3.814444444,738900,6.59
42242,5.807777778,738900,4.66
42272,3.1525,738900,4.75
42153,1.491111111,738900,0.26
42178,3.320277778,738900,5.93
42249,1.365833333,738900,4.21
42219,0.995833333,738900,3.01
42220,2.8875,738900,6.98
42243,3.437777778,738900,6.9
42248,2.722222222,738900,4.52
42249,2.733611111,738900,7.3
42261,3.372222222,738900,6.88
42263,3.758333333,738900,6.53
42268,3.604722222,738900,6.86
42135,4.125,758780,6.53
42136,3.814444444,758780,3.64
42137,3.421388889,758780,3.7
42139,3.167222222,758780,2.31
42142,1.691666667,758780,1.78
42164,1.3225,758780,2.81
42165,3.393055556,758780,4.97
42166,3.199722222,758780,6.79
42167,2.245555556,758780,1.45
42179,4.203055556,758780,6.6
42180,2.87,758780,3.8
42227,0.240833333,758780,0.67
42230,0.707777778,758780,2.11
42242,3.291111111,758780,4.82
42250,3.391388889,758780,4.08
42251,5.844722222,758780,6.72
42255,2.627777778,758780,6.68
42256,1.553055556,758780,4.15
42258,2.849722222,758780,7.36
42268,3.358333333,758780,6.47
42270,2.997222222,758780,5.26
42270,2.842777778,758780,4.42
42275,2.313055556,758780,4.47
42275,1.134166667,758780,3.47
42205,1.955,782629,6.43
42212,4.297222222,782629,6.88
42213,3.836388889,782629,14.58
42216,4.779722222,782629,17.48
42220,3.393888889,782629,16.45
42221,3.534722222,782629,15.06
42223,3.934166667,782629,11.1
42234,3.133611111,782629,15.6
42235,3.055833333,782629,14.08
42251,3.834166667,782629,15.21
42255,3.860555556,782629,14.94
42257,1.781388889,782629,9.67
42263,2.9575,782629,16.19
42264,3.194166667,782629,6.92
42265,3.828055556,782629,14.05
42268,4.343333333,782629,7.06
42276,5.496666667,782629,13.24
42278,4.179166667,782629,18.58
42269,1.134722222,787792,3.63
42276,3.948888889,787792,5.99
42257,3.585,787792,4.88
42261,2.632222222,787792,4.93
42262,2.077222222,787792,4.26
42263,2.320833333,787792,4.75
42272,3.857222222,787792,4.46
42275,3.285277778,787792,4.29
42279,2.394444444,787792,4.74
42264,4.161388889,787792,6.67
42010,1.1,792421,3.36
42054,2.867777778,792421,7.08
42059,0.970277778,792421,3.04
42088,1.149444444,792421,3.57
42095,0.014722222,792421,0
42132,1.901111111,792421,4.69
42089,1.179722222,792421,1.8
42191,3.877777778,792421,4.25
42198,3.903611111,792421,5.04
42214,4.388888889,792421,6.84
42215,3.2625,792421,6.9
42216,4.410555556,792421,6.87
42219,4.077222222,792421,5.52
42230,3.568333333,792421,6.97
42240,4.723888889,792421,5.38
42241,4.330277778,792421,5.96
42242,3.914444444,792421,6.77
42244,3.478611111,792421,6.71
42264,3.641944444,792421,7.07
42034,0.032222222,801274,0.09
42034,2.134166667,801274,12.14
42090,2.549722222,801274,13.5
42129,2.395555556,801274,6.41
42131,1.894444444,801274,11
42138,0.865277778,801274,4.87
42159,3.69,801274,14.53
42167,3.805,801274,6.67
42177,2.473611111,801274,4.45
42207,3.986944444,801274,4.35
42235,3.293888889,801274,5.47
42240,2.881111111,801274,5.16
42257,2.894444444,801274,5.68
42258,3.543055556,801274,6.31
42265,2.434444444,801274,6.35
42123,1.2125,801274,0.71
42137,3.218888889,801274,11.76
42151,2.523333333,801274,10.54
42199,2.47,801274,12.6
42200,2.219166667,801274,12.18
42201,3.728055556,801274,13.81
42089,0.019722222,801274,0
42090,2.934444444,801274,4.82
42094,0.025833333,801274,0
42137,2.457777778,801274,5.67
42145,3.213333333,801274,5.62
42150,4.914444444,801274,6.95
42173,3.572777778,801274,4.62
42194,5.701388889,801274,4.38
42195,5.548333333,801274,5.48
42199,1.218333333,801274,4.15
42200,4.183055556,801274,5.28
42205,2.253055556,801274,5.47
42214,3.825555556,801274,5.66
42241,3.146944444,801274,6.29
42248,2.059444444,801274,5.08
42249,3.265833333,801274,7.26
42250,2.850833333,801274,7
42262,1.235833333,801274,3.8
42033,1.641944444,801274,5.1
42242,3.200277778,801274,6.75
42171,1.123888889,801274,3.21
42216,0.993888889,801274,3.08
42230,3.567777778,801274,5.67
42237,3.330555556,801274,6.42
42244,3.761111111,801274,6.84
42244,1.379444444,803398,1.28
42178,2.5,803398,4.75
42193,2.711111111,803398,5.34
42200,1.811388889,803398,5.34
42209,3.970833333,803398,4.46
42230,3.328333333,803398,4.6
42272,2.858333333,803398,5.39
42277,4.191944444,803398,6.36
42080,3.635,803398,2.82
42082,3.447222222,803398,6.47
42083,2.933888889,803398,5.52
42087,3.324166667,803398,6.91
42095,2.488055556,803398,6.15
42101,1.480555556,803398,4.43
42103,3.275277778,803398,6.33
42143,1.475833333,803398,0.05
42220,2.306666667,803398,6.97
42221,2.731388889,803398,6.93
42227,2.908055556,803398,6.96
42229,3.019166667,803398,7.18
42230,2.452222222,803398,7.04
42251,2.624722222,803398,6.98
42262,3.886388889,803398,6.93
42263,4.071666667,803398,7.18
42264,3.946388889,803398,7.08
42265,4.217777778,803398,6.87
42270,2.002777778,803398,0
42271,3.586111111,803398,6.98
42275,0.0225,803398,0
42275,3.490555556,803398,6.98
42278,3.383888889,803398,6.89
42272,2.093055556,818217,6.49
42271,2.202777778,818217,5.74
42082,1.991666667,861532,6.06
42083,1.396666667,861532,4.24
42088,2.522222222,861532,5.86
42144,2.757777778,861532,6.99
42019,3.619722222,863084,6.89
42030,55.23805556,863084,4.1
42038,3.414166667,863084,8.38
42039,2.507222222,863084,7.52
42041,2.394166667,863084,6.22
42123,4.7025,863084,6.58
42124,2.935555556,863084,5.62
42159,2.034166667,863084,0
42167,1.211944444,863084,3.8
42181,3.684722222,863084,5.26
42191,5.597222222,863084,7.35
42219,2.7825,863084,5.8
42235,1.075277778,863084,3.28
42236,3.077222222,863084,6.23
42242,2.830833333,863084,4.67
42247,4.66,863084,4.4
42251,1.700555556,863084,4.99
42132,2.780555556,863084,16.12
42153,3.975277778,863084,22.03
42166,3.883333333,863084,17.65
42263,1.247222222,864630,3.97
42263,5.046666667,864630,1.1
42277,3.918055556,864630,6.13
42270,2.380555556,864630,5.3
42271,1.751666667,864630,1.7
42165,2.908055556,871619,6.91
42172,2.900833333,871619,6.99
42214,3.241666667,871619,6.77
42221,2.711666667,871619,6.87
42228,1.827777778,871619,5.69
42233,3.164722222,871619,6.78
42240,2.720833333,871619,7.05
42242,5.1875,871619,6.46
42261,3.554444444,871619,6.87
42263,2.826666667,871619,6.88
42275,0.019444444,871619,0
42275,2.444444444,871619,6.82
42122,1.046666667,871619,5.57
42163,2.516666667,871619,6.12
42171,3.578333333,871619,6.14
42172,1.760833333,871619,5.58
42206,2.161944444,871619,6.49
42170,2.396388889,874950,6.93
42171,2.476944444,874950,6.86
42172,3.094166667,874950,6.76
42172,1.655555556,874950,2.59
42174,2.796111111,874950,6.79
42178,2.784444444,874950,6.82
42179,2.509444444,874950,6.84
42181,2.605,874950,6.76
42184,2.367222222,874950,6.79
42186,2.860833333,874950,6.82
42187,4.411388889,874950,6.91
42191,5.842777778,874950,6.83
42193,2.558611111,874950,6.81
42195,2.602777778,874950,6.81
42198,3.368055556,874950,6.84
42199,3.719444444,874950,6.88
42201,2.756388889,874950,6.8
42206,2.496388889,874950,6.9
42207,2.405,874950,6.87
42208,3.708055556,874950,6.84
42209,2.397222222,874950,6.94
42212,2.720555556,874950,6.99
42215,2.483611111,874950,6.88
42216,3.863333333,874950,6.9
42219,2.5925,874950,6.84
42220,3.2125,874950,6.88
42221,2.456666667,874950,6.79
42222,2.629444444,874950,6.81
42226,3.083055556,874950,6.88
42227,2.503333333,874950,6.83
42228,8.261944444,874950,6.88
42229,4.205277778,874950,0.21
42229,2.390833333,874950,0.13
42230,3.366388889,874950,6.86
42233,3.355,874950,6.8
42234,2.583333333,874950,6.8
42235,2.691944444,874950,6.92
42173,3.383888889,874950,6.64
42209,2.054166667,875343,6.3
42212,3.333333333,875343,5.85
42213,3.428888889,875343,6.25
42214,3.480277778,875343,6.19
42215,2.577777778,875343,6.15
42220,2.725555556,875343,6.05
42233,2.143055556,875343,5.93
42234,3.765,875343,6.17
42235,2.020833333,875343,6.07
42236,2.093055556,875343,6.16
42237,2.754722222,875343,6.03
42240,2.349444444,875343,5.78
42241,3.826944444,875343,5.98
42242,2.868333333,875343,6.05
42243,2.667777778,875343,5.81
42244,2.269444444,875343,5.84
42248,2.278055556,875343,5.87
42249,2.225277778,875343,6.01
42250,2.299444444,875343,5.28
42251,2.822777778,875343,5.97
42255,2.223055556,875343,5.9
42256,2.663611111,875343,5.96
42257,2.040833333,875343,5.87
42258,2.686111111,875343,6.04
42261,2.789166667,875343,5.97
42262,2.370833333,875343,5.92
42263,2.333333333,875343,6.1
42264,2.616388889,875343,5.98
42269,2.77,875343,5.89
42270,4.604444444,875343,5.82
42271,2.778888889,875343,5.9
42272,2.678888889,875343,5.95
42275,3.324722222,875343,5.89
42276,2.477777778,875343,6.03
42277,2.702222222,875343,5.84
42278,3.0975,875343,5.92
42279,2.166388889,875343,4.96
42120,1.523055556,875343,8.83
42134,1.977222222,875343,11.86
42140,0.146388889,875343,0.42
42254,1.617222222,875343,5.06
42264,3.1425,875343,6.33
42268,2.122222222,875343,6.17
42269,1.563611111,875343,4.86
42271,1.711666667,875343,5.36
42272,3.540833333,875343,6.23
42278,0.485833333,875343,6.58
42278,1.099444444,875343,3.54
42068,1.487222222,878706,2.11
42237,2.356111111,878706,6.4
42115,5.038888889,878706,6.58
42117,4.338055556,878706,6.73
42118,3.909166667,878706,6.49
42131,4.377777778,878706,6.68
42135,1.611944444,878706,4.86
42137,4.855555556,878706,6.62
42139,2.530555556,878706,4.76
42143,2.305,878706,4.95
42144,4.116666667,878706,6.38
42145,3.588888889,878706,5.31
42146,4.072222222,878706,6.36
42150,3.637222222,878706,4.68
42153,4.208888889,878706,4.48
42156,2.588611111,878706,6.55
42157,3.896944444,878706,6.31
42158,3.524444444,878706,5.46
42159,4.986388889,878706,6.63
42160,3.269722222,878706,4.33
42164,2.846388889,878706,4.95
42165,4.553333333,878706,4.9
42166,0.2025,878706,0.54
42166,4.895555556,878706,5.56
42170,3.584166667,878706,6.56
42171,3.103055556,878706,4.98
42172,5.220833333,878706,6.39
42173,4.174444444,878706,4.3
42174,3.683888889,878706,4.75
42177,3.064166667,878706,4.75
42191,3.991666667,878706,4.52
42192,2.766944444,878706,4.32
42195,3.666388889,878706,5.23
42199,3.333888889,878706,6.94
42200,6.6675,878706,6.49
42201,2.753611111,878706,6.57
42205,3.636388889,878706,6.42
42206,2.564166667,878706,6.51
42207,2.880555556,878706,6.71
42208,3.394166667,878706,7.02
42209,3.031388889,878706,6.42
42212,3.590833333,878706,4.89
42213,6.883055556,878706,6.34
42214,2.711111111,878706,4.33
42215,3.148611111,878706,4.35
42216,4.148333333,878706,4.34
42219,3.186111111,878706,4.6
42220,3.704722222,878706,6.78
42221,3.566666667,878706,4.2
42222,3.17,878706,6.92
42223,3.366388889,878706,4.12
42226,3.768055556,878706,4.15
42227,2.815,878706,6.65
42228,3.741388889,878706,4.72
42229,3.783888889,878706,6.84
42230,2.631111111,878706,6.49
42230,1.923611111,878706,4.07
42233,3.884722222,878706,4.34
42234,2.126111111,878706,6.46
42235,3.917777778,878706,4.38
42236,1.545555556,878706,4.75
42236,3.3075,878706,3.99
42240,1.964722222,878706,6.01
42241,4.397777778,878706,4.32
42242,0.77,878706,2.33
42243,5.498888889,878706,6.69
42247,3.597777778,878706,5.32
42248,2.488888889,878706,6.92
42248,3.496388889,878706,1.4
42249,2.7575,878706,4.43
42250,1.861666667,878706,5.68
42250,4.239166667,878706,1.49
42251,3.962222222,878706,5.01
42255,0.7925,878706,2.37
42256,2.648055556,878706,6.62
42257,2.572222222,878706,6.88
42258,6.401944444,878706,4.21
42261,3.978888889,878706,6.28
42262,5.430555556,878706,6.89
42263,4.386388889,878706,6.51
42264,4.191666667,878706,7.01
42265,3.932777778,878706,4.38
42265,3.801111111,878706,1.66
42270,3.766944444,878706,6.42
42270,3.171388889,878706,1.93
42271,2.086388889,878706,2.21
42082,2.246111111,878706,6.49
42118,2.251666667,878706,3.8
42122,2.7625,878706,6.63
42194,8.710833333,878706,12.26
42142,1.980555556,878706,5.07
42264,2.330277778,884707,6.53
42264,4.665,884707,1.23
42265,2.253611111,884707,6.28
42268,8.845555556,884707,6.17
42271,2.780833333,884707,5
42278,3.180555556,884707,5.4
42277,4.700833333,884707,6.19
42269,3.898333333,884707,5.12
42276,3.464166667,884707,6.73
42278,3.463888889,884707,6.74
42279,2.971388889,884707,6.86
42223,2.109166667,891421,3.86
42255,1.070277778,891421,3.27
42058,3.1025,891421,6.91
42069,1.671944444,891421,4.99
42079,2.702222222,891421,5.69
42080,2.947222222,891421,6.73
42083,2.286666667,891421,6.66
42086,2.459722222,891421,6.88
42087,0.031388889,891421,0
42117,3.423055556,891421,6.25
42123,3.1325,891421,5.08
42130,2.301666667,891421,5.81
42135,3.082777778,891421,4.96
42137,2.0925,891421,5.45
42138,3.439722222,891421,5.58
42157,1.5975,891421,4.77
42180,0.988611111,891421,3
42186,3.470555556,891421,5.1
42220,3.533333333,891421,7
42227,3.966944444,891421,5.4
42240,3.971388889,891421,5.19
42093,1.269166667,891421,3.34
42172,1.1675,891421,3.53
42241,1.846111111,894409,0.31
42257,1.947222222,894409,6.01
42262,2.518055556,894409,6.68
42100,1.169444444,902592,3.08
42104,3.4075,902592,3.68
42109,1.205,902592,3.63
42111,1.934444444,902592,2.27
42116,3.27,902592,4.02
42121,2.586944444,902592,3.52
42128,3.425833333,902592,3.96
42138,2.439444444,902592,3.62
42145,2.327222222,902592,2.85
42151,3.318055556,902592,2.84
42152,2.866944444,902592,3.96
42153,1.729722222,902592,2.93
42165,1.963888889,902592,3.81
42166,2.895833333,902592,2.69
42170,2.409444444,902592,4.02
42173,3.12,902592,3.9
42174,3.580555556,902592,2.85
42180,2.951944444,902592,3.06
42191,3.169444444,902592,2.94
42194,3.303333333,902592,3.65
42195,3.368611111,902592,5.84
42200,3.213888889,902592,4.18
42205,3.144166667,902592,2.7
42209,1.938055556,902592,6.02
42244,2.906111111,902592,3.05
42248,0.785833333,902592,2.42
42251,2.796111111,902592,2.83
42257,2.672777778,902592,2.93
42272,3.708055556,902592,6.22
42096,1.851388889,902592,5.55
42122,2.9175,902592,8.32
42132,2.740833333,902592,8.17
42131,4.728611111,902592,7.01
42172,6.271388889,902592,7.13
42193,3.430277778,902592,6.86
42220,3.971666667,902592,7.03
42236,4.126388889,902592,4.21
42208,2.055277778,902592,4.96
42223,1.8725,902592,4.86
42250,2.668055556,902592,4.53
42212,1.791944444,902592,2.96
42213,3.980277778,902592,7
42214,3.815,902592,7.16
42222,3.773055556,902592,7.25
42233,3.769166667,902592,7.01
42233,4.116388889,902592,3.26
42235,4.810555556,902592,7.1
42236,4.025277778,902592,6.94
42240,3.995833333,902592,6.68
42270,7.263055556,902592,2.39
42272,3.686111111,902592,6.95
42215,2.933611111,902592,1.8
42269,3.442777778,902592,3.79
41985,0.422222222,911231,2.14
42047,2.358611111,911231,7.06
42076,0.726111111,911231,2.08
42122,1.213055556,911231,0.46
42278,1.501111111,911231,4.15
42181,3.098333333,911231,5.08
42193,1.666666667,911231,3.69
42194,3.508055556,911231,3.16
42207,4.28,911231,6.95
42262,3.5525,911231,6.61
42209,3.243333333,911231,7.08
42272,3.470277778,911231,6.99
42258,1.855833333,914305,4.96
42264,1.609444444,914305,4.15
42264,1.786388889,914305,2.82
42265,3.85,914305,3.94
42269,3.901111111,914305,5.35
42270,3.480277778,914305,5.64
42278,3.738333333,914305,6.9
42269,3.54,914305,6.49
42271,3.7775,914305,6.88
42275,1.227222222,914907,3.41
42276,3.307222222,914907,5.78
42276,4.148055556,914907,0.78
42278,3.680555556,914907,6.45
42269,1.919444444,914907,0.11
41985,0.64,920264,0.3
42067,0.3475,920264,0.88
42024,3.629444444,920264,5.21
42046,3.851944444,920264,2.26
42046,3.658611111,920264,0.7
42047,3.189166667,920264,6.06
42117,3.682777778,920264,3.44
42131,3.190833333,920264,6.29
42151,3.249444444,920264,6.14
42207,2.959444444,920264,6.88
42209,3.141666667,920264,6.15
42216,3.351666667,920264,6.36
42223,3.273611111,920264,6.12
42233,3.459722222,920264,6.68
42261,2.947222222,920264,6.24
42159,3.515277778,920264,4.77
42193,3.341944444,920264,6.86
42195,3.633055556,920264,7.52
42198,3.271666667,920264,7.24
42220,3.954166667,920264,7.56
42268,3.633611111,920264,5.18
42081,2.716666667,920264,6.68
42096,3.175833333,920264,6.77
42108,3.248055556,920264,6.79
42137,3.776388889,920264,13.94
42276,4.397222222,922416,5.92
42262,2.939722222,922416,6.85
42276,3.448611111,922416,4.2
42278,2.715555556,922416,4.9
42277,5.812222222,922416,6.7
42278,1.507777778,926676,1.78
42093,2.731388889,929628,5.54
42100,2.709444444,929628,5.16
42142,6.431666667,929628,6.28
42170,2.128888889,929628,5.97
42227,2.511111111,929628,5.56
42111,3.671666667,929628,19.6
42118,1.688888889,929628,9.62
42125,2.701666667,929628,15.52
42137,3.666111111,929628,20.55
42150,1.163611111,929628,6.73
42159,3.766388889,929628,20.92
42241,2.514722222,929628,6.88
42241,2.568611111,932939,4.82
42192,3.021388889,932939,16.31
42199,3.604444444,932939,19.96
42256,4.485833333,932939,21.14
42262,3.4025,932939,18.42
42250,1.898888889,932939,6.02
42186,2.941944444,932939,6.88
42187,2.980555556,932939,6.97
42193,3.434444444,932939,7.05
42194,3.669166667,932939,7.09
42216,2.666666667,932939,6.77
42219,1.711111111,932939,1.73
42220,2.558333333,932939,6.56
42230,2.734722222,932939,7.03
42249,2.674444444,932939,7.04
42263,3.107777778,932939,6.82
42268,3.471944444,932939,6.4
42270,2.957222222,932939,6.82
42278,3.243611111,932939,6.77
42185,3.544444444,932939,5.99
42236,1.442777778,932939,4.24
42208,3.834166667,932939,6.84
42214,2.580833333,932939,6.96
42241,3.23,932939,6.83
42247,3.426944444,932939,7.96
42248,2.599166667,932939,7.01
42257,2.703333333,932939,7.05
42185,2.895833333,932939,7.15
42205,3.470833333,932939,7.08
42206,4.228611111,932939,7.1
42207,3.280833333,932939,7.1
42208,3.026944444,932939,7.14
42212,3.466111111,932939,7.1
42213,2.175555556,932939,5.13
42214,3.724444444,932939,6.78
42215,4.618333333,932939,6.78
42228,4.933055556,932939,6.81
42277,0.019166667,932939,0
42271,1.519166667,932939,3.5
42229,0.655833333,943765,1.98
42275,2.474166667,943765,1.03
42277,1.321666667,943765,4.06
42059,2.911111111,943765,4.76
42019,0.635277778,943765,1.79
42160,2.765,943765,4.23
42213,3.413888889,943765,6.76
42230,1.670555556,943765,5.11
42262,1.631944444,943765,2.45
42102,8.248333333,943765,5.82
42116,5.218888889,943765,6.35
42121,2.396388889,943765,5.83
42198,0.229722222,943765,0.62
42240,3.998611111,943765,2.31
42059,3.460555556,944515,8.26
42068,1.998333333,944515,11.48
42139,3.610555556,944515,20.02
42144,3.708333333,944515,12.09
42146,2.681388889,944515,13.6
42170,3.613333333,944515,6.63
42172,3.788888889,944515,4.37
42212,2.335277778,944515,7.11
42226,3.983611111,944515,7.12
42109,1.141666667,944515,3.49
42117,1.276944444,944515,7.24
42118,3.008888889,944515,16.06
42121,4.410833333,944515,3.39
42142,4.781111111,944515,10.45
42150,2.92,944515,9.05
42151,3.26,944515,3.65
42152,0.545555556,944515,2.93
42153,2.862222222,944515,6.07
42157,2.289444444,944515,1.74
42177,3.667777778,944515,10.54
42180,5.415277778,944515,10.6
42191,2.720833333,944515,7.78
42192,4.4975,944515,19.06
42200,0.132222222,944515,0.6
42235,2.6375,944515,15.19
42248,2.790555556,944515,15.41
42249,2.506944444,944515,12.95
42255,3.162222222,944515,18.13
42272,2.326388889,944515,12.91
42276,2.310555556,944515,10.32
42278,2.093888889,944515,1.5
42086,1.543611111,944515,4.31
42087,1.676666667,944515,4.52
42095,0.018055556,944515,0
42107,3.943055556,944515,4.74
42118,1.748333333,944515,4.86
42128,2.466111111,944515,3.9
42132,4.514722222,944515,3.59
42156,4.021388889,944515,6.52
42157,3.008333333,944515,5.32
42178,3.677222222,944515,4.32
42179,2.606388889,944515,6.41
42199,1.785277778,944515,5.51
42206,4.251388889,944515,5.3
42209,4.065833333,944515,7.86
42216,4.011666667,944515,8.59
42220,4.568611111,944515,4.4
42223,2.366666667,944515,5.04
42230,1.988055556,944515,4.35
42244,5.520555556,944515,6.54
42256,3.394166667,944515,4.06
42270,5.095555556,944515,4.86
42031,3.706666667,944515,6.9
42069,3.317777778,944515,6.72
42076,3.542777778,944515,6.9
42098,0.02,944515,0
42243,0.558611111,944515,1.71
42165,2.615555556,944515,4.35
42220,1.238055556,944515,3.83
42229,1.66,944515,5.16
42219,3.157222222,944515,6.41
42221,3.463055556,944515,6.34
42222,3.454722222,944515,6.39
42227,3.435,944515,3.85
42228,3.713888889,944515,6.17
42229,3.561388889,944515,6.02
42233,3.528611111,944515,5.85
42234,2.973055556,944515,4.4
42236,3.83,944515,7.02
42240,3.083333333,944515,6.29
42241,3.819444444,944515,5.42
42242,3.259444444,944515,6.14
42247,4.052222222,944515,5.95
42250,3.006388889,944515,6.16
42255,3.8425,944515,5.19
42257,3.756666667,944515,6.65
42258,3.592777778,944515,6.29
42262,3.598055556,944515,6.49
42264,3.766944444,944515,6.5
42269,3.880555556,944515,6.9
42272,2.847777778,944515,6.37
42275,3.363055556,944515,6.56
42276,3.574166667,944515,6.16
42016,4.141111111,944575,7.85
42054,3.658333333,944575,20.95
42114,3.531388889,944575,7.3
42198,1.244722222,944575,3.48
42223,4.056944444,944575,1.02
42241,3.178055556,944575,6.66
42255,3.591944444,944575,6.33
42278,0.652222222,944575,1.97
42278,2.291666667,944575,6.27
42089,2.268611111,944575,6.65
42094,2.534166667,944575,7.38
42103,3.472222222,944575,6.72
42107,6.144722222,944575,6.65
42135,5.296944444,944575,6.78
42143,3.870833333,944575,6.46
42150,3.093888889,944575,6.57
42163,3.923055556,944575,6.8
42215,3.528611111,944575,6.68
42278,1.931111111,944575,4.84
42227,3.857777778,944575,3.76
42229,3.874444444,944575,3.17
42272,3.149722222,946482,6.77
42066,2.689722222,951880,7.31
42093,2.313888889,951880,6.53
42128,3.835555556,951880,5.44
42132,2.498333333,951880,5.77
42158,2.085555556,951880,5.2
42160,2.815555556,951880,5.28
42212,1.245555556,951880,3.63
42249,3.6075,951880,5.1
42250,2.491111111,951880,6.59
42264,4.6275,951880,4.79
42270,3.589444444,951880,5.75
42275,1.708333333,951880,4.99
42088,2.7575,951880,6.83
42100,1.662222222,951880,3.21
42102,2.025833333,951880,5.97
42104,3.511944444,951880,5.19
42226,3.802777778,951880,7.07
42233,3.455277778,951880,7.12
42234,3.293333333,951880,7.03
42235,2.545,951880,7.12
42236,2.563888889,951880,7.02
42237,3.166111111,951880,7.12
42240,3.0475,951880,7.01
42241,3.786944444,951880,6.9
42242,2.648333333,951880,6.96
42244,3.857222222,951880,6.92
42247,3.947222222,951880,7.05
42248,3.289444444,951880,7
42250,2.983333333,951880,7.01
42256,2.506388889,951880,6.94
42257,3.066944444,951880,6.98
42258,3.451666667,951880,7.04
42269,3.8525,951880,6.91
42277,2.875555556,951880,6.98
42279,3.813888889,951880,7
42102,2.854444444,955429,6.93
42115,4.591388889,955429,6.76
42121,3.2075,955429,6.85
42139,3.595833333,955429,6.83
42177,3.732222222,955429,6.25
42206,2.051666667,955429,5.78
42214,2.946111111,955429,6.08
42243,3.058055556,955429,6.41
42248,3.793888889,955429,6.93
42257,2.958333333,955429,7.03
42262,3.436944444,955429,7.12
42089,2.005,955429,6.62
42089,0.750555556,955429,0.26
42091,0.078055556,955429,0.19
42109,1.572222222,955429,4.32
42119,0.593611111,955429,1.86
42121,2.316388889,955429,6.8
42132,1.336666667,955429,1.52
42223,2.740555556,955429,4.14
42265,0.596666667,955429,1.81
42076,0.974166667,955429,2.39
42082,3.233888889,955429,7.56
42083,0.037222222,955429,0
42086,2.712777778,955429,6.82
42087,3.32,955429,8.58
42088,3.569166667,955429,8.51
42090,2.114722222,955429,5.11
42093,3.323055556,955429,6.68
42094,3.676944444,955429,7.67
42095,1.841944444,955429,5.31
42096,3.374444444,955429,7.34
42101,2.090555556,955429,5.5
42108,1.420555556,955429,3.48
42110,2.7025,955429,3.74
42111,1.985833333,955429,5.42
42114,2.069444444,955429,3.13
42115,2.354166667,955429,3.63
42116,2.578888889,955429,5.87
42117,2.894166667,955429,8.23
42118,2.900277778,955429,5.52
42120,2.053055556,955429,4.75
42122,1.601944444,955429,3.59
42123,3.071111111,955429,4.19
42124,2.260277778,955429,4.94
42128,2.746111111,955429,8.27
42129,2.866111111,955429,5.26
42130,2.806111111,955429,7.39
42132,2.923333333,955429,6.65
42133,2.665555556,955429,5.27
42135,3.47,955429,3.49
42136,1.513888889,955429,4.03
42137,1.748055556,955429,4.84
42137,2.745833333,955429,2.8
42138,2.599722222,955429,6.1
42139,2.468055556,955429,4.33
42141,1.336666667,955429,2.52
42141,1.485555556,955429,2.52
42142,2.013611111,955429,5
42143,2.108888889,955429,5.14
42144,2.808888889,955429,6.49
42145,3.823055556,955429,6.54
42146,2.531944444,955429,4.08
42150,2.249722222,955429,5.97
42151,1.135833333,955429,3.56
42151,1.488055556,955429,3.34
42152,2.586666667,955429,4.33
42153,3.871388889,955429,5.16
42156,2.703055556,955429,5.83
42158,2.901111111,955429,4.38
42159,2.783055556,955429,5.86
42163,3.208888889,955429,6.47
42164,2.257777778,955429,3.35
42164,1.249722222,955429,2.21
42165,2.762777778,955429,4.11
42171,2.626944444,955429,5.58
42172,2.685555556,955429,3.9
42173,1.5525,955429,2.99
42173,2.841111111,955429,4
42177,2.091666667,955429,3.17
42180,1.908611111,955429,5.83
42181,3.267222222,955429,4.55
42184,2.452222222,955429,4.43
42185,1.027777778,955429,2.53
42186,1.711666667,955429,5.47
42186,2.117222222,955429,2.77
42187,2.912777778,955429,7.64
42191,3.857222222,955429,6.74
42192,1.995555556,955429,4.3
42193,1.734166667,955429,4.11
42194,2.820833333,955429,6.43
42195,1.670555556,955429,3.79
42197,2.289166667,955429,4.77
42198,0.791944444,955429,1
42199,0.813611111,955429,2.44
42200,1.518611111,955429,3.19
42200,1.176944444,955429,3.34
42202,1.497777778,955429,3.7
42202,1.363055556,955429,3.6
42205,2.265833333,955429,4.24
42208,2.836666667,955429,4.6
42209,1.216388889,955429,3.39
42210,2.357777778,955429,5.67
42212,1.935277778,955429,6.06
42213,2.239444444,955429,6
42215,2.220555556,955429,5.88
42216,1.678611111,955429,3.04
42216,2.589722222,955429,2.86
42217,2.420555556,955429,7.69
42218,2.081666667,955429,3.74
42218,0.923055556,955429,2.88
42219,0.844722222,955429,1.41
42220,1.271111111,955429,3.43
42221,1.169722222,955429,2.69
42221,0.731944444,955429,1.85
42222,1.318888889,955429,2.24
42222,1.611944444,955429,2.27
42223,2.108888889,955429,4.76
42265,1.745,955429,1.2
42268,1.215,955429,1.4
42269,1.696388889,955429,2.81
42269,1.328333333,955429,1.27
42270,2.006944444,955429,4.57
42271,1.980833333,955429,4.22
42271,1.075277778,955429,2.71
42272,1.320277778,955429,3.5
42273,2.255,955429,4.93
42273,3.427777778,955429,1.08
42274,2.438888889,955429,3.51
42274,0.73,955429,2.3
42275,1.351388889,955429,2.99
42276,1.1025,955429,2.68
42277,2.141388889,955429,5.6
42278,1.405555556,955429,2.9
42279,0.0175,955429,0
42279,2.078333333,955429,4.72
42279,1.301666667,955429,2.5
42209,2.569444444,955429,6.12
42210,2.470277778,955429,6.89
42212,2.335833333,955429,6.59
42213,2.9325,955429,6.5
42214,2.343611111,955429,6.41
42215,2.524722222,955429,6.74
42217,2.437777778,955429,6.87
42219,3.194722222,955429,6.81
42220,3.432777778,955429,6.5
42222,3.252222222,955429,6.58
42223,2.352222222,955429,6.58
42224,2.496388889,955429,6.82
42226,2.466944444,955429,6.7
42227,2.279444444,955429,6.5
42228,3.520555556,955429,6.61
42229,2.724444444,955429,6.72
42230,2.292222222,955429,6.76
42231,2.796944444,955429,6.74
42233,2.398611111,955429,6.7
42234,2.47,955429,6.61
42235,3.203055556,955429,6.77
42249,2.504444444,955429,7.25
42250,2.3525,955429,6.34
42251,2.485833333,955429,6.86
42255,2.444166667,955429,6.5
42256,2.671111111,955429,6.83
42257,2.43,955429,6.78
42258,3.245555556,955429,6.99
42261,2.748611111,955429,6.58
42263,2.496111111,955429,6.52
42215,1.979166667,955429,4.72
42220,2.188333333,955429,4.55
42227,2.469166667,955429,6.84
42228,1.63,955429,3.48
42229,2.729722222,955429,3.99
42233,2.151666667,955429,5.03
42234,3.196666667,955429,6.89
42235,2.450833333,955429,5.32
42240,3.114444444,955429,4.94
42243,1.888888889,955429,4.26
42244,2.536944444,955429,4.08
42245,4.5875,955429,3.74
42249,6.901111111,955429,7.08
42250,2.135833333,955429,4.75
42256,2.102222222,955429,5.5
42259,2.409444444,955429,6.83
42262,2.318333333,955429,6.66
42268,2.558055556,955429,6.99
42270,2.086111111,955429,5.23
42272,2.359722222,955429,7.01
42276,2.447222222,955429,6.88
42277,3.2675,955429,5.89
42278,2.485,955429,5.32
42279,2.121666667,955429,4.86
42249,1.634444444,981639,1.32
42096,2.378611111,981639,6.46
42165,1.526388889,981639,2.12
42166,1.474166667,981639,2.51
42173,1.149444444,981639,0.95
42025,2.4475,987396,6.28
42031,5.545,987396,7.21
42032,2.406111111,987396,7.02
42038,4.266388889,987396,6.38
42047,3.900833333,987396,11.61
42053,3.258055556,987396,6.11
42053,5.142222222,987396,3.11
42054,3.090555556,987396,6.92
42054,5.278333333,987396,9.31
42058,5.3325,987396,7.89
42075,0.305,987396,0.89
42076,5.699166667,987396,6.3
42080,0.810277778,987396,2.52
42086,0.040555556,987396,0.02
42095,0.936388889,987396,2.91
42096,3.309722222,987396,6.21
42100,0.056666667,987396,0.1
42121,4.051388889,987396,5.48
42122,2.312777778,987396,5.42
42125,2.595833333,987396,5.07
42138,2.453888889,987396,5.81
42138,1.936388889,987396,6.13
42139,2.533611111,987396,7.08
42143,4.811944444,987396,6.51
42144,4.633055556,987396,6.54
42157,5.851111111,987396,6.37
42165,1.362222222,987396,3.57
42165,3.228333333,987396,1.72
42166,2.2925,987396,5.9
42167,2.484722222,987396,6.46
42170,1.769444444,987396,5.42
42171,4.105833333,987396,7.55
42177,3.225277778,987396,6.36
42179,5.021666667,987396,5.23
42184,4.247777778,987396,6.78
42202,4.751388889,987396,6.46
42206,5.924722222,987396,7.84
42212,1.624166667,987396,4.57
42213,2.371666667,987396,6.5
42214,2.741111111,987396,5.86
42219,2.897222222,987396,7.16
42223,3.136388889,987396,5.29
42223,1.789722222,987396,3.09
42233,1.952777778,987396,6.11
42233,1.155,987396,2.35
42237,6.0525,987396,5.09
42240,2.746111111,987396,4.68
42243,0.873055556,987396,2.76
42248,1.292222222,987396,0.03
42249,2.613611111,987396,0.79
42249,1.903888889,987396,2.68
42250,0.729444444,987396,2.22
42250,1.638611111,987396,5.17
42255,5.258333333,987396,6.3
42235,2.936388889,987396,7.2
42158,0.4925,987396,1.51
42221,3.918611111,987396,6.44
42279,2.893333333,987396,6.28
42221,3.098888889,987396,6.89
42222,2.017777778,987396,1.44
42226,3.107222222,987396,7.04
42226,1.762222222,987396,2.35
42228,2.115,987396,1.89
42235,2.188611111,987396,6.03
42242,1.513888889,987396,4.56
42247,3.1675,987396,4.83
42248,2.298611111,987396,5.78
42257,2.421944444,988981,1.26
42271,4.065277778,988981,1.25
42270,1.685555556,988981,2.46
42055,1.411388889,989457,3.07
42177,1.799166667,989457,5.48
42261,2.320277778,989457,6.41
42264,2.454722222,989457,6.87
42247,2.592777778,995505,4.87
42263,3.392777778,995505,4.71
42264,2.613333333,995505,4.08
42275,4.044166667,995505,4.06
42206,3.482777778,995505,20.2
42214,3.786944444,995505,21.16
42230,2.016111111,995505,10.47
42249,3.911944444,995505,22.07
42228,3.173888889,995505,6.59
42261,2.64,995505,2.77
42244,2.786944444,995505,6.91
42250,4.218333333,995505,6.69
42185,3.074166667,995505,7.13
42198,2.8375,995505,6.96
42199,2.983888889,995505,7.15
42207,3.413055556,995505,6.72
42213,0.757777778,995505,2.34
42219,2.535555556,995505,6.97
42192,3.257222222,995505,7.04
42194,2.451944444,995505,6.81
42233,2.961944444,995505,8.13
42240,2.835833333,995505,6.76
42242,3.702222222,995505,6.86
42261,2.834444444,995505,7.27
42263,2.808611111,995505,6.83
42264,2.621944444,995505,6.79
42269,3.781666667,995505,6.74
42209,3.304722222,995505,7.17
42226,3.844722222,995505,6.91
42262,4.558333333,995505,6.85
